CHROM	POS	End_Pos	REF	ALT	SVLEN	SVTYPE	Control_support	GT	Alt_Reads	Ref_Reads	Total_Reads	Allele_Freq_ALL	Genes	OMIM_phenotype	OMIM_MOI	HiConf	Pop_Count_ALL	Pop_Freq_ALL	Allele_Count_ALL	Allele_Freq_ALL	GT_homWT	GT_het	GT_homVAR	p	q	HWE
chr22	12337353	12337354	N	GTTATTATGTGACGATATTTTGTTTTCCACAATGGGCCGCAAAGCACTCTTTGAGATGAATGCACCCGTCAAAAGACATTTCTGAGAATGCTTCTAGGT	99	INS	query_only	0/1	9	20	29	0	.	.	.	.	0	0	0	0	57	0	0	1	0	HWE_FALSE
chr22	12382231	12384729	aaaaactacacagaagcattctgagaaacttcatggtgatgtgcacattcatctcacagagatgaatctttcttttcatttagcagttttgaaacactctgtttgtagaatctgcaagcggataattggagcgctttgaggcctattgttgaaaagaaaatatcttcacatgaaatctacacagaagcattccaagaaacctctttgcgatgtgtgcattcatctcacagagttgaaccttccctttgattgagcagttttgaaaaactttttatgtagaatctgcaagttgatattcggagcacttagattcctattgtggaaaaggaaatatctttacatataaactgcacagaatcattctgagaaacatctgtgtgatgtgtgcattcatctcacaatgttgaacctttctttttattcagcagttttgaaactttctgtttgtaaaacagaaaactacacggaagcattctgagaaacacctttgttaagtgtgcattaaactcacagagttgaaactttcttttgattgagcagttttgaatctctctttttgtagaatctgcaagaggatatttggagcccttttcggcctatggtggaaaaggaaataccttcatataaaaactacaaaaaagatttctgaggaacttctatgtcatgtgtaccttcatctcacagagttgaacctttcttttgattgagcagtttggaaacactctttttgttgtatctacaagtgaatgtttggatcactttgaagcatatggtagaaaaggaaacatcttcacataaaaactacacagaggcattctgagaaacttctttgtgatgtgtgctttcatctcaaattgttgaacctatcttatgattgagcagttttgaaacactctttttgtagaatctgcaagtgtttatttggagccgatgtggcctattgtgaaaaaggaaatatcttcacataaaaactacacagaagcattctgagaaaccactttgtgatatgtgcattaaactcacagaggtgaacctatctttccattgagcagttttgattccctctttttgtaggatctgcaagtggacatttggagccctttgtggcctatggagaaaaaggaaatatcttcaaataaaaactacccagaagcattctgaggaacttctttgctatgtatgcattcaactcacagagttgaaactatcttatgattcagcagttttgaagcactgtttttgtagaatcttcaagtggatatttggagcgctttgaggcctactgtggaaaagcaaatatcttcacaaaaatcttcacagaagcattctgagaaacttctttgtgatgtgtgcattcaactcatggaatcgaacctatattttgatggagcagtttttaatctctctttttgcagaatctgcaactggatatttggagagctttgaagcctagtgtggaaaaggaaatatcttcacataacaactacacagaagcattctgagaaactttttgtgatgtgtgcattcaactcacagagttgaacctatcttttgattgaacagtttcgaatcactctttttgtagaatctgagagtgaatatttgcagcgctattaggtctattgtggaaaaggaaatattttcacataaaaactacacagaatctttctgagaaatttctttgttacaagtgcattcatcacacatagttgaaactttccttttgattgaacagttttgtaacgctctttatgtagaaactgaaagtggatatttggagggctttgaggtctattttggaaaaggaaatatcttcacatcaaaactacacagaagcattctgagaaacttctttgtgatgtgtacattcagctcacagtgttgaaactatcttttgatagagcagttttgaaacactcttattgtagaatctgcaagtggatatttggagcgctttgaggcctattgtggaaaaggaaatatcttcatgtaaaaactacacgtaggcagtctgagaaacttctttatgatgtgtgcattcatcataaagattttaacttcttttgattgagcagatttgaaacactctttttgtagaatctgcaggtggatatttggagggttttgaggcttattttggagaaggaaatatcttcacataaagactacacagaagaattctcagaaacttctttgtgatgtgtgcattcaactcacagagttgaaccaatgtcttaatggaacagttttgaatctttttgtggaatcttcaaccggatatttggagcccttatcggcctatggtggaaaaggaattatctttaaataaactctacacggaggaattgtgagaaatttctttgtgatgtgtgaactcatctcacagagttgaaattttctttagattgagcagttttgaaatgctgtttttgtagaatctgcaagtggatatttggagtgctttgaggcctattgtggaaaaggaaatatcttcacatc	a	-2498	DEL	48:SAMPLE	0/1	15	49	64	0.00877193	.	.	.	.	1	0.0175439	1	0.00877193	56	1	0	0.991228	0.00877193	HWE_FALSE
chr22	13227312	13227412	N	<DEL>	-100	DEL	query_only	1/1	2	0	2	0	.	.	.	.	0	0	0	0	57	0	0	1	0	HWE_FALSE
chr22	13248082	13248182	N	<DEL>	-100	DEL	query_only	1/1	27	0	27	0	.	.	.	.	0	0	0	0	57	0	0	1	0	HWE_FALSE
chr22	13253270	13253954	N	<DEL>	-684	DEL	query_only	0|1	10	18	28	0	.	.	.	.	0	0	0	0	57	0	0	1	0	HWE_FALSE
chr22	13254853	13254953	N	<DEL>	-100	DEL	query_only	1/1	27	1	28	0	.	.	.	.	0	0	0	0	57	0	0	1	0	HWE_FALSE
chr22	13258200	13258300	N	<DEL>	-100	DEL	query_only	1/1	24	0	24	0	.	.	.	.	0	0	0	0	57	0	0	1	0	HWE_FALSE
chr22	13264961	13265303	N	<DEL>	-342	DEL	query_only	1/1	2	0	2	0	.	.	.	.	0	0	0	0	57	0	0	1	0	HWE_FALSE
chr22	13265469	13265641	N	<DEL>	-172	DEL	query_only	1/1	2	0	2	0	.	.	.	.	0	0	0	0	57	0	0	1	0	HWE_FALSE
chr22	13265974	13266121	N	<DEL>	-147	DEL	query_only	1/1	2	0	2	0	.	.	.	.	0	0	0	0	57	0	0	1	0	HWE_FALSE
chr22	13266264	13266435	N	<DEL>	-171	DEL	query_only	1/1	2	0	2	0	.	.	.	.	0	0	0	0	57	0	0	1	0	HWE_FALSE
chr22	13266714	13266884	N	<DEL>	-170	DEL	query_only	1/1	2	0	2	0	.	.	.	.	0	0	0	0	57	0	0	1	0	HWE_FALSE
chr22	13267272	13267434	N	<DEL>	-162	DEL	query_only	1/1	2	0	2	0	.	.	.	.	0	0	0	0	57	0	0	1	0	HWE_FALSE
chr22	13268021	13268875	N	<DEL>	-854	DEL	query_only	1/1	2	0	2	0	.	.	.	.	0	0	0	0	57	0	0	1	0	HWE_FALSE
chr22	13271873	13271874	N	CTCTTTTTGTAGAATCTGCAAGTGGACATTTGGAGTACTTTGATGCCCCTGGTCGAAAAGGAAATATCTTAACTTAAAAACTAGACAGAAGCATTCTGAGAAACTTCTTTCTGATGTGTGAATTCATCTCACAGGGTTGAACCTCTCTTTTGAAAGACCAGTTTTGAAATATGCTTTTTGTAGAATCTGCAAGTAGAATTTTCGAGAGCCATGAGGCCTATGGTGGAATAGGAAATATCTCCACATAAAAACTAGACAGAAGAATTCTGAGAAACTTCTTTGTGATGTTTGCGATCATCTCACAGAGTTGAACCTTTCTTTTGATTGAGCAGTTTGGAAACAATCTTTTTGAAGTATCTGCAAGTGAACATTTGGAGAGCTTTGTGGTGTATGATAGGAAAGGAAATATCTTCACATAAAATCTAGAGGAAGAAATCTGAGAAATTCCTTTTGATGTGTGCATTCATGTCACAGAATTAAACCTTTCTTTTGATTGAGCAGTTTTGAAACTCTCTTTTTATAGAATCTGCAAGTGGACATTTGGAGCGCTTTGTGGCCTATGTTAGAAAAGGAAATATCATCATAAAAACTAGATAGAAGCAATCTGAGAAACTTTTTGTTGATGTGTGAATTCATCTCCCAGAATTGAAACATTCTTTTGATGGACAGAGTATTGATATACTCTTTTTGTAGTATCTGCAAGAGGATATTTCGAACTCATTGAGGCTTATGGTGGAACAGGAAATATCTTTACATAAAAACAAGGAAATATCTTTACATAAAAACTAGACAGAAGAATCCTGGGAAACTACTTTGTGATGTGTGCATTCATCTCACAGAGTTGAACCTTTCTTTTGAATGAGCAGTTTGGAAACTCTCTTTTTGTAGAATCTTCAAGTGGACATTTGGAGTGCTTTGAAGCCTATGGTAGAAAAGGAAATATCTTCACATAAAACCTAGAAAGAAGCAATCTGAGAAACTACTTTGTGATGTGTACATTCATCTCACCGTGTTAAAACTTTCCCTTGATTGAGGAGTTTTGAAACTTTCTTTTTGTACTATCTGCAAGTGGTCATTTGGAGCGCTTTGAGGACTATGGTGGAAAAGGAAATATCTTCACATAAAAGCCAGAGAGAATAATTCTGAGAAACTTCTTTGTGATGAGTGAGTTCATCTCACAATGTTGAACTTTTCTTTGATTGAGCAGTTTGGAAGCACTCTTTTTGTACAATCTGCAGATGGATATTTGGAGCACTATGCTGCCTATGGTAGAAAACGAAATATCTTCACATAAAATCTAGACAGAAGCAATCTGAGAAACTTCCGTTTGATGTGTCCGTTAATCTCACAGAGTTAAATCTTTCTTTTGATTGAGCAGTTTTGAAACTCTCTTTTTGTAGAATCTGCAAGTGGACATTTGGAGCGCTTTTAGAACTATGGTGGAAAAGGAAATATCTTCACATAAAAACGAGACAGAAGAATTCTGAGAAACTTCATTGTGATGTGTGTATTCATCTCACGGAGTTGAACCTTTCTTTTGATTGAGCAGTTTTGAAATGGTGTTTTTTTAGAATCTGCAAGTCAGCATTTGGAGCGCTTTGAGGACCATAGTGGAAAAGGAAATATCTTCACATAAAAACTAGACAGAAGAATTCTGACAGACATCTTTTTGATGGTGCGTTAATCTCACAAGGTTGAGCCTTTCTTTTGATTGAACAGTTTGAAGAATCTCTTTTTGTAGAATCTGCATGTGGACACTTGGAGCGCTTTGAGGCCTATGGTGGAAAAGGAAGTATCTTCACATAAAAACTAGACAGAAGAATTCTGAGAAACTTCTTTGTGATGTGTGCATTTATCTCACAGACTTGAACCTTTCTTTTGATTGAGCAGTTTGGAAACACTCTTTTTGTAGAATCTGCAAGGGGACATTTGGAGAGCGGTTTGCACTCTATGATAGAAAAGGAAATATCTTCACATAGAATATAGACAGAAGCAATCTGAGAAACTTGTTTCTCATGTGTGCATTCATCTCACAGAGTTAAACTTTCTTTTGATTGAGCAGTTTTTAAACTCTCTTTTTGTAGAATCTGCAAGTGGACATTTGGAGTGCTTTGAGGCCTATGGTGGAAAAGGAAATATCTTCATTTAAAAACTAAATAGAAGCATTCTGAGAAACCTCTTTGTGATGTTTGTATTCATCTCCCAGAGCTGAACCATTCTTTTTATGGACAGTTTTGAAATA	2242	INS	query_only	1/1	2	0	2	0	.	.	.	.	0	0	0	0	57	0	0	1	0	HWE_FALSE
chr22	13275549	13275696	N	<DEL>	-147	DEL	query_only	1/1	2	0	2	0	.	.	.	.	0	0	0	0	57	0	0	1	0	HWE_FALSE
chr22	13808027	13808370	N	<DEL>	-343	DEL	query_only	0|1	2	2	4	0	.	.	.	.	0	0	0	0	57	0	0	1	0	HWE_FALSE
chr22	13809371	13809713	N	<DEL>	-342	DEL	query_only	0/1	2	1	3	0	.	.	.	.	0	0	0	0	57	0	0	1	0	HWE_FALSE
chr22	14328474	14328475	N	GGACGTTTCGGACGGTTTGAGGCCCATGGTGATAAAGGGAATATCTTCCCGTAATAAAAACTAGAAAGAAGCATTCTGTGAAACTAGTTTGTGATGTGTGTACTCAACTAACAGAGTTGAACCTTTCTTTTTACAGAGCAGTATTGAAACACTCTTTTTGAAGAATCTGCGAGGGGATATTTGGATAGATTTCAGGATTTCGTTGGAAACGGGAATATCTTCATATAAAATCTCGACAGATGCATTCTCAGAAACTTCTTTGTGATATGTGCATACTAGTCACAGAGTTGAATATTCCCTTTCACAGAGCAGGTTTGAAACACTCTTTTTGTAGAATCTGGAAGTGGACATTTGGAGCGCCTTAACGCCTACGGTGAAAAGGGAAATATCTTCCCATAAAAACTAGACAGAAGCAATCTCAGAATCTTCTTTGGGATATATGCACGCAGCTAACACAGTTGAACCTTTCTATTGAAAGAGCAGTTTAGAAACAGTCTTTCTGTGGAATCTGCAAGTGGATATTTGGATAGCTGTGAAGATTTCGTTGGAAACAGGAATATCTTCCTATAAAGGCTGGACAGAAGCATTCTCAGAAACTGCTCTGTGATGTCTGCATTCAAGTCACAGAATTGAACATTGCCTTTCATAGAGCAGGTTTGAAACGCTCTTTTTGTACTATATGGAAGA	687	INS	query_only	0|1	2	1	3	0	.	.	.	.	0	0	0	0	57	0	0	1	0	HWE_FALSE
chr22	14607344	14607345	N	GAACCTTTCTTTTTACCAAGCAGCTTTGAAACTCTCTTTTTGTAGGATCTGCAAATTGATATTCAGATTGCTTTAACGATATCGTTGGAAAAGGGAATATCCTCATACAAAATCTAGACAGAAGCATTCTCACAAACTTCTTTGTGATGTGTGTCCTCAACTAACAGAGTT	171	INS	query_only	1/1	2	0	2	0	.	.	.	.	0	0	0	0	57	0	0	1	0	HWE_FALSE
chr22	14636865	14636866	N	TTCTCAGAAATTACTTTCTGATGTCTGCATTCAACTCATAGAGTTGAAGATTCCCTTTCATAGAGCAGGTTTGAAACACTCGTTCTGGAGTATCTGGATGTGGACATTTGGAGCGCTTTGATGCCTACGGTGGAAAAGTAAATATCTTCCCATAAAAACGAGACAGAAGCG	171	INS	query_only	1/1	2	0	2	0	.	.	.	.	0	0	0	0	57	0	0	1	0	HWE_FALSE
chr22	14644106	14644107	N	TTCTGCAAGTGGATATTTGGATTGCTTTGAGGATTTCGTTGGAAGCGGGAATTCGTATAAAAACTAGACAGCAGCATTCCCAGAAATTTCTTTCGGATATTTCCATTCGACTCATAGAGATGAACATGGCCTTTCATAGAGCAGGTTTGAAACACTCTTTTTGTAGTTTGTGGAAGTGGACATTTCGATCGCCTTGACGCCTACGGTGAAAAAGGAAATATCTTCCCATAAAAAATAGACAGAAGCATTCTCAGAAACTTGTTGGTGATATGTGTCCTCAACTAACAGAGTTGAACTTTGCCATTGATAGAGAGCAGTTTTGAAACACTCTTTTTGTGG	339	INS	query_only	1|0	2	2	4	0	.	.	.	.	0	0	0	0	57	0	0	1	0	HWE_FALSE
chr22	14651199	14651371	N	<DEL>	-172	DEL	query_only	1|0	2	3	5	0	.	.	.	.	0	0	0	0	57	0	0	1	0	HWE_FALSE
chr22	14652390	14652391	N	GAACCTTTCTTTTTACAGAGCAGCTTTGAAACTCTATTTTTGTGGATTCTGCAAATGGATATTTAGATTGCTTTAACGATATCGTTGGAAAAGGGAATATCGTCATACAAAATCTAGACAGAAGCATTCTCACAAACTTCTTTGTGACGTGTGTCCTCAACTAACAGAGTT	171	INS	query_only	1|0	2	2	4	0	.	.	.	.	0	0	0	0	57	0	0	1	0	HWE_FALSE
chr22	14652778	14652779	N	TCTGCAAGTGGATATTTGGATTGCTTTGAGGATTTCGTTGGAAACGGGAATTCGTATAAAAACTAGACAGCAGCATTCCCAGAAGTTTCTTTCGGATATTTCCATTCGACTCATAGAGATGAACATGGCCTTTCATAGAGCAGGTTTGAAACACTCTTTTTGTAGTTTGTGGAAGTGGACATTTCGATCGCCTTGACGCCTACGGTGAAAAAGGAAATATCTTCCCATAAAAAATAGACAGAAGCATTCTCAGAAACTTGTTGGTGATATGTGTCCTCAACTAACAGAGTTGAACTTTGCCATTGATAGAGAGCAGTTTTGAAACACTCTTTTTGTGG	339	INS	query_only	1|0	2	2	4	0	.	.	.	.	0	0	0	0	57	0	0	1	0	HWE_FALSE
chr22	14837474	14837645	N	<DEL>	-171	DEL	query_only	0|1	2	1	3	0	.	.	.	.	0	0	0	0	57	0	0	1	0	HWE_FALSE
chr22	15218721	15219190	N	<DEL>	-469	DEL	query_only	1/1	2	0	2	0	.	.	.	.	0	0	0	0	57	0	0	1	0	HWE_FALSE
chr22	16310347	16310403	N	<DEL>	-56	DEL	query_only	1/1	2	0	2	0	.	.	.	.	0	0	0	0	57	0	0	1	0	HWE_FALSE
chr22	16523123	16523124	a	aTATATATATATATACATATATATATGTATATATATATATACATATATATATATGTATATATATATATACATATATATATATG	82	INS	12:SAMPLE	0/1	12	40	52	0.00877193	.	.	.	.	1	0.0175439	1	0.00877193	56	1	0	0.991228	0.00877193	HWE_FALSE
chr22	17146763	17146764	N	ATCACACGTCATCGCACACGCCCCACACCTGTGACGCCCTCCTGTGAGCTTACCGGCCTTCGATCACACGCCATCGCACACGCCCCACACCTGTGACGCCCTCCTGTGAGCTTACCGGCCTTCGATCACACGCCATCGCACACGCCCCACACCTGTGACGCCCTCCTGTGAGCTTACCGGCCTTCGATCACACGCCATCGCACACGCCCCACACCTGTGACGCCCTCCTGTGAGCTTACCGGCATTCGATCACACGCCATCGCACACGCCCCACACCTGTGACGCCCTCCTGTGAGCTTACCGGCCTTCG	310	INS	query_only	0/1	25	20	45	0	HDHD5	.	.	hiconf	0	0	0	0	57	0	0	1	0	HWE_FALSE
chr22	17388852	17389666	N	<DEL>	-814	DEL	query_only	1|0	10	22	32	0	CECR2	.	.	hiconf	0	0	0	0	57	0	0	1	0	HWE_FALSE
chr22	17756390	17756441	N	<DEL>	-51	DEL	15:SAMPLE	1|0	10	33	43	0.00877193	BID	.	.	hiconf	1	0.0175439	1	0.00877193	56	1	0	0.991228	0.00877193	HWE_FALSE
chr22	18201861	18201862	t	tATAAAATATATATAATATATTATATATTATATATAAAATATATATAATATATTATATATTATATATATTATATATATA	78	INS	15:SAMPLE	0|1	11	22	33	0.00877193	.	.	.	.	1	0.0175439	1	0.00877193	56	1	0	0.991228	0.00877193	HWE_FALSE
chr22	18222457	18222458	C	CGGGACCTTTCCATCCAGGGCACAGCCAGCGAGGCCCCGGGATGGGAGGGCGCCGCTAGGGT	61	INS	57:SAMPLE	1/1	2	0	2	0.00877193	.	.	.	.	1	0.0175439	1	0.00877193	56	1	0	0.991228	0.00877193	HWE_FALSE
chr22	18729138	18729198	atatataatttatgatatatattatatattctatataatttatgctatatattatatattc	a	-60	DEL	13:SAMPLE	0|1	16	26	42	0.00877193	.	.	.	.	1	0.0175439	1	0.00877193	56	1	0	0.991228	0.00877193	HWE_FALSE
chr22	18729714	18729715	a	aTATATTATATTAAATAATATATTGTATATTATATTAAATAAAATATTGTATATTATATTAAATATAATATTGTATATTATATTAAATATAATATTGTATATTATATTAAATATAATATTGTATATTATATTAAATATAATATTGTATATTATATTAAATATAATATTGTATATTATATTAAATATAATATTG	192	INS	13:SAMPLE	0|1	15	28	43	0.00877193	.	.	.	.	1	0.0175439	1	0.00877193	56	1	0	0.991228	0.00877193	HWE_FALSE
chr22	19726545	19726605	N	<DEL>	-60	DEL	query_only	0/1	12	21	33	0	SEPTIN5;ENSG00000284874;GP1BB	.;Bernard-Soulier_syndrome_type_B|Giant_platelet_disorder_isolated	AR|AR;.	hiconf	0	0	0	0	57	0	0	1	0	HWE_FALSE
chr22	20358800	20358801	N	GCCCAGGGCGTCGCTAACGAGGTCGCCGCCCAGGGCGTCGCTAACGAGGACGCCGTCCACGGCGTCGCTAACGAGGACGCCGTCCAGGGCGTCGCTAACGAGGTCGAAGTCCAGGGCATCGCACACAAGGACGCCATCCAGGGCATCGCTAACGAGGATGCCGCCCACGGCATCGCTAACGAGGTCGCCGCCCACGGCATCGCGAACGAGGACGCT	216	INS	query_only	0/1	13	13	26	0	.	.	.	hiconf	0	0	0	0	57	0	0	1	0	HWE_FALSE
chr22	20358833	20359754	N	<DEL>	-921	DEL	query_only	0|1	11	15	26	0	.	.	.	hiconf	0	0	0	0	57	0	0	1	0	HWE_FALSE
chr22	21814854	21814855	N	AGACAGAGAGAGAGAGAGAGAGAGAGAGAGAGAGAGAGAGAGAGAGACAGAGAGAGAGAGAGAGAGACAGAGAGAGAGAGAGAGAGAGACAGAGAGAGAGAGAGAGACAGAGAGAGAGAGAGAGAGAGACAGAGAGAGAGAC	149	INS	query_only	0|1	19	18	37	0	MAPK1	Noonan_syndrome_13	AD	hiconf	0	0	0	0	57	0	0	1	0	HWE_FALSE
chr22	29131608	29131696	N	<DEL>	-88	DEL	query_only	0|1	16	29	45	0	KREMEN1	Ectodermal_dysplasia_13_hair/tooth_type	AR	hiconf	0	0	0	0	57	0	0	1	0	HWE_FALSE
chr22	29509640	29509740	N	<DEL>	-100	DEL	query_only	1|0	18	24	42	0	THOC5	.	.	hiconf	0	0	0	0	57	0	0	1	0	HWE_FALSE
chr22	32842710	32842711	N	TGGTTTTGTGGTTTCTTTTTTTTTTTTTTTTTTTTTTTTTTTTTGAGACGGAGTCTCGCTCTGTCGCCCAGGCCGGACTGCGGACTGCAGTGGCGGAATCTCGGCTCACTGCAAGCTCCGCCTCCCGGGTTCAAGCCATTCTCCTGCCTCAGCCTCCCGAGTAGCTGGGACTACAGGCGCCCGCCACCGCGCCCGGCTAATTTTTTGTATTTTTAGTAGAGACGGGGTTTCACCTTGTTAGCCAGGATGGTCTCGATCTCCTGACCTCATGATCCACCCGCCTCGGCCTCCCAAAGTGCTGGGACTACAGGCGTGAGCCACCGCGCCCGGCC	332	INS	query_only	0|1	15	22	37	0	TIMP3;SYN3	Sorsby_fundus_dystrophy;.	AD;.	hiconf	0	0	0	0	57	0	0	1	0	HWE_FALSE
chr22	36800146	36800324	N	<DEL>	-178	DEL	query_only	1/1	40	0	40	0	PVALB	.	.	hiconf	0	0	0	0	57	0	0	1	0	HWE_FALSE
chr22	40537219	40537220	N	CCCCGTCCGGGAGGGAGATGGGGGGGTCAGCCCCCCCACCCGGCCAGCCACCCCGTCCGGGAGGGAGGTGGGGGGGTCAGCCCCCCGCCTGGCCAGCCGCCCCGTCCGGGAGGGAGGTGGGGGGGTCAGCCCCCCCACCCGGCCAGCCACGCCCGGACAGCCGCCCCATCCGGGAGGTGAGGGGCGCCTCTGCCCGGCCGCCCCTACTGGGAAGTGAGGAGCCCCTCT	228	INS	30:SAMPLE	0/1	20	16	36	0.00877193	MRTFA	.	.	hiconf	1	0.0175439	1	0.00877193	56	1	0	0.991228	0.00877193	HWE_FALSE
chr22	42008088	42008089	N	TTCCTTTCCTTTCCTTTCCTTTCCTTTCCTTTCCTTTCCTTTCCTTTCCTTTCCTTTCCT	60	INS	query_only	1|0	22	13	35	0	WBP2NL	.	.	hiconf	0	0	0	0	57	0	0	1	0	HWE_FALSE
chr22	43469473	43469474	N	GAACTGCAGGGTGATGGGAACACTGGAAAACGGAACTGCAGGGCGATGGGAACACTGGAAAACG	64	INS	query_only	1|0	16	22	38	0	MPPED1	.	.	hiconf	0	0	0	0	57	0	0	1	0	HWE_FALSE
chr22	43495176	43495836	N	<DEL>	-660	DEL	4:SAMPLE	1|0	15	22	37	0.00877193	MPPED1	.	.	hiconf	1	0.0175439	1	0.00877193	56	1	0	0.991228	0.00877193	HWE_FALSE
chr22	43500326	43500327	N	GGTGGTGGAGGTGGTGGTGGTGATGGTGATGGAGGTGGTGATGGG	59	INS	query_only	0/1	12	17	29	0	MPPED1	.	.	hiconf	0	0	0	0	57	0	0	1	0	HWE_FALSE
chr22	46616874	46616926	N	<DEL>	-52	DEL	query_only	0|1	12	30	42	0	GRAMD4	.	.	hiconf	0	0	0	0	57	0	0	1	0	HWE_FALSE
chr22	46772609	46772610	t	tATATATGTATACACACATATACATATATATGTATACACACATATACATATATATGTATACACACATATACATATATATGTATACACAC	88	INS	2:SAMPLE	0|1	13	26	39	0.00877193	TBC1D22A	.	.	hiconf	1	0.0175439	1	0.00877193	56	1	0	0.991228	0.00877193	HWE_FALSE
chr22	46859327	46859328	N	ATAGAGGTCCGCGCAGTGCTGTGCCCCTTCCCGGGACCAGAATCCTTTTTTG	52	INS	query_only	0/1	16	23	39	0	TBC1D22A	.	.	hiconf	0	0	0	0	57	0	0	1	0	HWE_FALSE
chr22	47128037	47128038	N	CCCTCCCTCCGCCCTACCCATCCTCCTCCGCCCCACCCACCCCCCCTCCGCCCCACCCATCCCCCCTCCCCTCACCCATC	80	INS	query_only	1|0	17	15	32	0	TBC1D22A	.	.	hiconf	0	0	0	0	57	0	0	1	0	HWE_FALSE
chr22	48381690	48381786	N	<DEL>	-96	DEL	54:SAMPLE	0/1	19	17	36	0.00877193	.	.	.	hiconf	1	0.0175439	1	0.00877193	56	1	0	0.991228	0.00877193	HWE_FALSE
chr22	50166508	50166509	N	TCCCAGCGTGGCCCACGCCTGCAGTCCCAGCGTGGCCCACGCCTGCAGTCCCAGCGTGGCCCACGCCTGCAGTCCCAGCGTGGCCCACATCTCCAGTCCCAGCGTGGCTCAAGCCTGCAA	120	INS	query_only	0|1	13	16	29	0	MOV10L1;PANX2	.	.	hiconf	0	0	0	0	57	0	0	1	0	HWE_FALSE
