CHROM	POS	End_Pos	REF	ALT	SVLEN	SVTYPE	Control_support	Genotype	Alt_Reads	Ref_Reads	Total_Reads	Allele_Freq_ALL_Control	Genes	OMIM_phenotype	OMIM_MOI	HiConf	Pop_Count_ALL	Pop_Freq_ALL	Allele_Count_ALL	Allele_Freq_ALL	GT_homWT	GT_het	GT_homVAR	p	q	HWE
chr22	10640986	10641145	taaatgatgagatgaaatgatgaaatgctgaggtgagatgagatgaaatgaggagatgaaacgatgagatgaaatgaaaggacgagatgaaatgatgagatgaggtgagatgaggtgagatgagatgaaatgagatgaaatgatgaaatgagatgagaag	t	-159	DEL	query_only	0/1	24	19	43	0	.	.	.	.	0	0	0	0	57	0	0	1	0	HWE_FALSE
chr22	11927177	11927178	g	gTGGCCCCAACAGCCACGCACCAGCCTGCACATTACCTCTCCATACTGCAGCCCTTTATATGGAAACTTCCTACATCACTTTGCTGTGTGTGTTTCCACATGTGGGTTTTGCTGTACTTGCCCTGACAGCACAGGGGAGTGCAGGACACACCCCAACCCACACCAACTGCCATTGAAGACAGAGCCTTGGTGGGCACAGAACCAAGAACCCCACCCCTGCCAGCACCTAACCCTCTGGCCAGCAGCCCACCCTGAACCAACACTACCTCCAGTGCAACACACACAGCAGGGGACCCCTGACCCACACCCCAGCTGTCTTATTCTGCCACAGTTGACACACTTTGGTCCCCTCAGTGCAGTGGACTCCAAACCTCCAAGAGCCAGAGAACAAAAGTTGGGGCCCAAGACAAGTTCCCCAGAGTTAAAGCACACAGTCCAGGAATTGGGAGCTGCACATTGGCCCCCCTAAAATCCTCCAAAAACAAAGCCAGTTGGTTGAATCCACCTTATCCCACAATGAAACCCTCAAGATCATCAAATACAATAAAAGAAAAATACCCTGTCCAAAGGTCAGCAACCTCAAAGATGGAAAGTGGATAAGCCCATAAAGATGAGAAAGAATCTGTGCGAGAACACTGAAAACTCAAAAAGTCAGCATGCCTTCTTTCCTCCAAATGACTGTATCAACTCTCCAGCAAGTGTTCAGAACTGGGCTGAGGCTGAGATGTCTGGAATGATACAAGCAGGGTTCAGGATATGCGTAGGAACAAAGTTCACTGAGTGAAAGAAGTATGTTGTCATGCAATACAAGTGAGCTAAAAATCATTGTAAAACATTGTAGGAGCTAACAGACAAAATAGCAAGTATAAAGAAGACATAACCGACCTAATAGAGCTGAAAAGCACACTACAAGAAATTTCATAACTAAGTCACATAGTGATTATGTGTGATTGCATTATGAAAATT	965	INS	query_only	1/1	2	0	2	0	.	.	.	.	0	0	0	0	57	0	0	1	0	HWE_FALSE
chr22	11965537	11965538	A	ATAATAATAATAATAATAATAAAATAAAATTAAAAAATGAAAAATTTGTTTGCCTTGTAAATAAACTACCAAAAAAAAAAAAAAGGAAAAACAAGAGGCAGATTATTTGTGGAGATAAGTCTTCCCCCTATCAATGAGTAAAGATTTTTGCCCTT	154	INS	query_only	1/1	2	0	2	0	.	.	.	.	0	0	0	0	57	0	0	1	0	HWE_FALSE
chr22	12285215	12285216	t	tTAATTTGTGGACTCGTATAATGGAAAAATCCAGGGTATAGCTTCAGAATGGCTGAACGTAGGGACTCAGGGCTTGGCTCTTCTCCTCTTCCTTGCTTTTCTCTTCCTCATTGATTTTATTCTCAGACAAGTTTTCCCTTTGTGCTGCAATGTGGCCATCATCACTCCTGCAGTGTACATTTCCTTAGTTCCACAGCCCCAGAATAAAGCAAAAACAGAAACACTTCTAATAGTTTCAATAAGAGACTAGAGATTGACTTTGGGTGTGAGGCTTGGATTTCATGTCCATCTCTAGTTTCATCTGTGCCAGGATTAGAAGTATATTCATTGGCCAGGCCTGTGTCACGAGCTCATACAGGGTTTCCGCTGTCCACACAGTGCCTTTGCAAGTATTAGAAAATGGCTCCCCTTTCTCCAGTTAGATGCAGCCCTGTATCGGGGCATGTGGCTTGGAGAAGAGCATGTAGGCTGGATTTCAGCCCCCCTTTCTCCCTTAGCTGGGTTTCTTCCTTGAGTGAACAACATACTTGTTAGTAGCTGTCCTGCGCTTATTCCTGAAACTGGGGGTGAAATCAGCCCCCACGTCAAAACTGAAGGACAGAAGATGGCTTCATCTAGGGTACCAGATAATGGCTAATAACAAAGGGAGGGGACAGTGGGTGCTGTGTGGGCAAAAGGAGCAAAAAATAATCCTAACCTGTCTAGACTTCATCTCAGAAGCCATATGCAACCTTCTTCAATGGAAATATTTGACACTTCAGGAGTGCCAAGAAGGCTATAAGGAGCATATCTCTTAAGAACATAAGTTAGGGCATGTCTGAGAATGTATGCTTTATGGATTTACCTTGTAAATATATAACATTGACTAATACACACAGAAAATATATTGTAGAGAAACATAGATGACAGAAGTTGAAATACATGAATCTTGTATTCTGCAGTCTATCATTATTTTCTAACTTATCAAAATACTCAGAGGATCTCTTTTTTCATATTGATAAATTTCTAACCAGAGCCCTATTTACTCGTGTCTTGAAAAACAGAGTATTTGCGTATATGTCTGAAGAGGGAAGAGAAAGAGAATGATTCCAAAAAAGCTGATAACATTAATACAGCTTTCTATAGAAGATGTACATTTGCAACCACAAATTCAAAACTTATAGGAGATGCACAAAATGTGAAGAAAAATAAATGAAACCAAACCACTACAAGAAATAACCAAAACTAAGAAGACAGCAAGAGAGGAAAAAAAAAAAAAAAAGAACTGCAAAACATATGAAAAACAATTACAAAATGCAAGTTACTCCTTACCTATCAACAATGACTTTAAATGTGAAAGGATTAAACTATCTAATTAAAAGACATAGAGTGGCACAATGCATAAAAGATACTCATCAGTACATATTTATAAGGGAGTCACTTTAGATATAAAGATACATAGAGGCTGAAAGTGAAGGGATGGAAAAAATACTCTACGCAAATGGTAACCAAAAAAGAGCAAGGGTATCTATACTTAGATCAGAAAAAATAGACTTGAAATAAAAAACTGTCATTAGAGACTAAGAAGGTCACTATATAATGATAAAAGTTCAGTTCAAAGGGAAGATTGTAAATATATATCCAGTCAACATTAGAACACCTAAATATATAAAGTTAATATCAGCAAAGCTAAGGGGAGAAATCAGTAACACTAAAATAATAGTAGCCAACTTCAGTACCCCAAATTCAATAATAGATAGAACATCTAGGCAGGAATAAAAAGAGAGGAAACAGCTGACTTGAACAACACTGTAGATTCAACACTGACATATACAGAACTTTCCATCCAACAGCAGCAGAATATACATTTTTCTCAAGTGCACTCAGAATATTCTCTGAGATAGATCAATCTTAGGTCACAAGGCATCCTACAAATTTAAGAAGTTTAATATAATGCCAAGTATCTTCTCAGACCACAATGGAATAAAATTAGAAGTCAATAACAAAGAAAACAGAAACATTTACAAAAATGCAGAAACTAAACAACACACTCTTGAACCACCATTGGGTAAAAGAAGAAATCAAAAGGGAATTTTAAAAATATCTTGAGACAAACAAAAATGAACATACAACTCAACAAAACTACAGGATGCAGCAAAAGAAGTGCTAAGGGAGAAATGTTACAGTGATAAATAACTACATTAAAAAATAAGAAAGATCTCACTCGAACAACCTAACTTTACAAATAAACAATTAGAAAAAGAAAAACTAACTAAACCCAAAGTTGGCATAATGAATTAAATAATAAAGATTAGAATATAAATAAAATAACTATAAAATAAAAAAACAATAGAAAAATCAACAAAGCTAGAGTTGAATTTTTGGTAATACAAAGAAAAAATATCAAACCCTTAGCTACACTAAGAAAAAAAGAGAAACTCAAGTAAATATAATCAGGAATGAAAATGGAGACATTATATCAAATGTACAGGAATACAAATGATTATAAAGGACAATTAAGCAATTATATGCCAATAAATTGGATAACCTAGAAGAAATGGATAAATTCTTAGAAATATGTAATCTACCAAGGTGGAAGAAAAAAATAAATAGAGCAGACCAAAAGCAAGCAAAGAGATTTAACCAGTAATCAAAAACTCCCAACAAAGAAAAGCCCAGGTGCAGATGTTTTCATGGGCAACTTCTACCAAATATTCAAAGAAGAACTAATACCAAAATTTCTAAAACTTTTCAGAAAAAATAGAAGAGAGAATACTCTCAAACTCATTTCATGAGGCCAATGTTACCATGACTTAAAAGCTAGACGAAGACAACACAAGAAAAAATAATTACAGACCAGTATCCTTAATGAATATAGATGCAAAAATTCTCAATAAAATACAAACTAGCAAACTGAATTCAAAAGCACATTGAAAAGGTCATACACCATGACCAATTGTAATTTATCTATGGGTTACAAGGATGTTTCAATGTGTAAAAATTAATAATGTGATATACCACATTAACAGAATGAAAGACAAAAATAACATTCCAATAGATGCAGAAAACACATTTGACAAAATTCAATATACTTTCATGATAAAACTCTCAGCAAAATAAGTATACAAGAAACTTACTTCAACACTATAAAGGCTGTATATGAAAAACCTATATCTAATATTATAATCAATGGGGAAAAACTGAAAGCTTTTTGTTTAATATCTGGAACAAGACAAGGATGTCTATTCTCATCACTCCTATTCACCATAGTACTGGAAGTCCTAGCCAGAGCAATCAGGCAAGAGAAATAAAAGGCATCAAAATTGAAAGGAAAGATGTAGATACCTCTGTTAACAGAAGACATGATTATTATACATTGAAAACTCTAAAGACTCCACAGAAAATGGTTAAGAATAGTCAGCCTTTCATATCTGCTGGGGATTTGTTTCAGGAGCCCCTCAGATAACAAAATCTGTGATGATCAATTCCCTCACATAAAATCGTGTACAGCTGGCCCTATGTATCCATGGGTCAACATCTGTGGATTCAAACCACCACAGATGGAAATTATGTACAAGTTAAGTTCTTGGTTGATTGAGTTCATGGTTGCAGAACCCATTGATATGAAGGACTGACTATATAATAAATTTACTAAAGTTGTAGGATACACAATTGACATACAAAAATCACTGCTATTTCTAAACACTAACAATGAATTGTCTGAAAGGGAAATTTAAAAAACAGTATCAAATAAACTACTTTGGAACTAACTAACCAAAGAAGTGAAAGACTTAAACACTACAAATTATAAAATATTGATGACAGAAATTTAAACCAAAGTAAATTGAAAGACAACCCATGGATTGAAAGAGTTAGTAATGTATTATTAAAGTGTCCATATTACTCAAAGCAATCTACACATTTAATGTAATCCATATCAAAATCCCAATGGTATCTCTCACAGAAATAGAAAAAAAATCCCAAAATTCTTATAGAATCACAAAAATCCCTGAGTGGCTGAAGCTACTTTGAGCAAGAACAAAGCTACAGGTATCACACTTCCTGACTTCAGATTAAATTAGAAAGCTGTAGAAAGAAAAACACTGTGGTATTGTCATAAAAACAGACACATAAACCAGTGAAACAAAATAGAGAACCTAGGCATAACCCACACATTTGCAGCAATTGATCACCCTGGAAGGTGACAAGGAGACACTATATGCAGAGGATATGCTCTTGACCAAATGGTGTTAGGAAAGCTGGATGTCTACATGTAAAAGAATGAAATCGGATCCCTAGCTCACGCCTTATGTAAAAATTAACTCAAAATGGATTAAACGTTTAAATGTAATCACTGAAAACAAAACTCCTGGAAGAAGACAGGAGAAAACATTCTTGACATTGGTCTTGGCAATAATTTGTTTAGATATGATGCCAAAAGCACAGACAACAAAGGCAAAATAGAAAAATGAAATACATCGAATTAAAATGCTTTTGCACAGCAAAGAAAACAACTAATGAAATGATAAGGCAACCTATGAAATGGGGAAAATGTTTGTAAACCATATCTCTTATAAGGAGTTCAAAAAATAAGAAGGATACATACACATCAATTCCAAAATTATGAATAACCTAATTTTATTTTAAGGCAAAGAACCTAAAGAAAGACATCTCCAAAGAAGAAATTCAAATGGCTAATAGGTATAAGAAAATGTGCTCAACATCTCTAAACTTCAGAGTAATGCAAATCAAAACCACAATGAGATATCAAGTCACACCTGTTAAAATGGCTATTATCAAAAAGAGAAAAGATAAGTGTTGGTAAGAATGTGAAGAAAAGGAAACCATTATACACTATTGATGGGAATGCAAATTAGTAAAACACAGAAAACAGTATTGAGGTTCCTCCAAAAAAAATTGAAAATAGCACTGGCCTGGTGTGATGGCTCACACCTGTAATCCCAGGATTTGGGGGAAGCCAAGGCAGGAGGCCAGGAGCTCCAGACCAGCCTGGGTAACATAGCAAGACACCATCTCAGAAATAAAATTAGCCAGACATGGTGTTGTACACCTGTAGTCCCAGCTACTCAGGAGGCTGAGGTAGGAGGATCGCTTGAGCCCAGGAGATCAAGGCTGCAGTGAGCTATGATCTTGCCACTGGACTTTACCCAGGATAGCAGAGTGAGACCTGGTTTCAAAAATGAAAAAAAGAACTACCACATAATGCAACAATTTCACTTCTGGATATATGTCCAGTGAAATTGACATAAGAGTCTTAGAGAGGTGTCTGTCATCCTCTGTTCATTGCGGCATGACACACAATGACCAAAATAGGAAAATAACCTAAAGGTCCTTTGTCAGAGGAACAGATGAATGGGTAAAGAAAATGTGACGTGTATACATAAAATGAAATATTATACACCCTTAAAAAAGAAGGAAATCCTTCTATTTGTGAAAACATGGATGGAGCTGGAAGATATTGCGCCAAGCAAAAATGCAAGACACAGAGACAAATACTTCATGATCTCACTTACATGTGGAATCTACGACAGTCAAATTTATAAAAACAGAGAATAAGACAGTGGTTGCCAGGGGCTCAGGAGGGGAAATGGGGTGATGTTAATTAAATTGTGCAATGTTCAAGTTATAATAATTTCTGGAGATATAATGTACAACGTGGAACAACACTGTATCATATTCTTGTGTTCTGCTAAAGGACTAGATCATAAATTAATTATACTGTCAACACACACACAATGGTAAATATGTAGAGATAATATGCTAATTTGCTTGATTGTGGTGATCGTTTCAAAAAGTATAGAAATATCAAAACATTAAGTTACCTTAAATTTACACAATTTGTATATGTCATGTTATCATGATAAAGCTGTTAAGAAAGATTTAGTAAATCATGTCTACAACCTGGGGAACTTTCCCATGACAGGGAGGGCTGGAGTAGGAAAATGGAATTTTGCAACAAGG	5960	INS	query_only	0/1	5	15	20	0	.	.	.	.	0	0	0	0	57	0	0	1	0	HWE_FALSE
chr22	12426774	12426934	aaacagctttgtgatgtatgcattcatctcaaagaagtaaacgtttcttttctctgatctgtctggaaactgttcttgtagattctgcaaagggatatttgtgagtgctttgaggcctatggtgaaaaacgaaatatcttcacataaaaattagagagagg	a	-160	DEL	query_only	0/1	9	28	37	0	.	.	.	.	0	0	0	0	57	0	0	1	0	HWE_FALSE
chr22	12426849	12428009	ttgtagattctgcaaagggatatttgtgagtgctttgaggcctatggtgaaaaacgaaatatcttcacataaaaattagagagaggttttctgagaaacctctttgtgatgtgggcattcatctcacaaagttgaaacttacttttgattgatcagtatggaaaccatctgtttgtgcaatctgcaaagggacatttatgagagctttgaggccaatggtgaagaaggaaatatatttatataaaaggcataaagaaggtttcttagaaagagctttgtggtgtgtgcattgatctcagagaggtaaacgtttattttctatgatcagtctggaaactctgttcttgtagaatctgcaaagggatatttgtgagtgctttgaggcctatgatgaaaaaggaaatatcttcacatacaaactagacagaagctttcttagcggcttctttgtgatgtgtgcaatcatctcacagagtggaaccattcttttgattgagcagtctggaaacagtattttttgtagaatctgcaagggatatttgtcatgacttggagtgttatggtgaaaaaggaaatatcttcacataaaaaatggacagaagatttctgagaaacctctttgagatgtgtgcatccatctcaatccatctcacagagttcaaccatttatttgattgagcagttgggaagcagtctttttgcagaatctacaaagggatattgctgagcaatttgaggcctgtgttgaaaaaggaaatatcttcacataaaaactataaagaaggtttctgagaaacttctttgtgatgtgtgcattcatctcactcagttcaacctttcttttcattgagcagtttggaaacagtctttttaaatattcttcaagtggatacttgtgagcaccttgaggctcatggggaaaaaggaaacattcacataaaaacttaatagaagctttctgagaaactgctttttgacgtgtgcaatcatctcacagagttgaacctttcttttgatgagcagtgtggaaacaatctttttgtagaatctgcaaaaggacaattttgagcgctttgcatcctgtggtggaaaaggagatgccttcacataaaaactagacagaatatttctcagaaactgctttgtgatatgtgcattcat	t	-1160	DEL	query_only	0/1	9	27	36	0	.	.	.	.	0	0	0	0	57	0	0	1	0	HWE_FALSE
chr22	12620291	12620597	ATTTAGTCCggccgggcgcggtggctcacgcctgtaatcccagcactttgggaggccgaggcgggcggatcacgaggtcaggagatcgagaccatcctggctaaaacggtgaaaccccgtctctactaaaaatacaaaaaattagccgggcgtagtggcgggcgcctgtagtcccagctacttgggaggctgaggcaggagaatggcgtgaacccgggaggcggagcttgcagtgagccgagatcccgccactgcactccagcctgggcgacagagcgagactccgtctcaaaaaaaaaaaaaagaa	A	-306	DEL	query_only	0/1	18	60	78	0	.	.	.	.	0	0	0	0	57	0	0	1	0	HWE_FALSE
chr22	12979285	12979350	cttgcccttccattccattcctttacattccatatgattccattcctttcgattccattccatttg	c	-65	DEL	query_only	1/1	2	0	2	0	.	.	.	.	0	0	0	0	57	0	0	1	0	HWE_FALSE
chr22	12981181	12981235	ttccattccattccattactttcttttccattccattcctttccattcctttcca	t	-54	DEL	query_only	1/1	2	0	2	0	.	.	.	.	0	0	0	0	57	0	0	1	0	HWE_FALSE
chr22	13228180	13228349	tgtttttttagaatctgcaagtggatatattgagtgctttgaggccttctttgtaaacgggaatatcttcacataaaaactagagagaagcattctcagagccttctttgtgatgtgtgcattcaactcacagagctgaacctttcttttcatagagctgtttggaagca	t	-169	DEL	query_only	0/1	2	2	4	0	.	.	.	.	0	0	0	0	57	0	0	1	0	HWE_FALSE
chr22	13231785	13231956	agtggatatacggagtggtttgaggccttctttgtaaacgggaatatcttcacataaaaactagagagaagcattctcagagccttctttgtgatgtgtgcattcaactcacagagctgaacctttcttttgatagagctgttttgaagcactgtttttttagaatctgcag	a	-171	DEL	query_only	0/1	2	2	4	0	.	.	.	.	0	0	0	0	57	0	0	1	0	HWE_FALSE
chr22	13239470	13239640	ctgcaagtgaatatattgagtgctttgaggccttctttgtaaacgggaatatcttcacataaaaactagagagaagcattctcagagccttctttgtgatgtgtgcattcaactcacagagctgaacctttcttttgatagagctgttttgaagcactgtttttttagaat	c	-170	DEL	query_only	0/1	3	3	6	0	.	.	.	.	0	0	0	0	57	0	0	1	0	HWE_FALSE
chr22	13243228	13243398	ctgcaagtggatatatggagtgctttgaggccttctttgtaaacgggaatatcttcacataaaaactagagagaagcattctcagaaccttctttgtgatgtgtgcattcaactcacggagctgaacctttcttttgatagagctgttttgaagcactgtttttttagaat	c	-170	DEL	query_only	0/1	3	2	5	0	.	.	.	.	0	0	0	0	57	0	0	1	0	HWE_FALSE
chr22	13712259	13712601	ttgaagatgtcgttggaaacgggaatatcttcatatcaaatctagacggaagcattctcagaaacgtctttgtgatgtttgcattcaactcatagagttgaacattcccttccagagagtagctttgaagcactcattttgtagcatgtgcaagtggacatttggagcgccctgaggcctacggggaaaaagcaaatatcttcccataaccactagacagaaacattctcagaaactcctttatgacgtatgcactcacctaacagagaagaaccttccttttgacagagcagttttgatacactctttttgtagaatctgcaagtggatatttggataggtg	t	-342	DEL	query_only	1/1	2	0	2	0	.	.	.	.	0	0	0	0	57	0	0	1	0	HWE_FALSE
chr22	16414896	16414897	C	CATTTAGAGACTTGTCCAAGATGTATATTAGTTCCTTGACTCTCTGTCCTAACGTAGTCCAGAGACCTGAGCTGTCTGGACATTCTGTAGCATGTTACATTTGTCCATTTT	110	INS	query_only	0/1	13	32	45	0	.	.	.	.	0	0	0	0	57	0	0	1	0	HWE_FALSE
chr22	35359856	35359857	A	AGGAATGTCCACAGCACAGGATGACACTGGTCCCTGAGCTCTTGGCATGAACAGAATGTGTGTGGGGAGCCTGTGACCTG	79	INS	query_only	0/1	18	11	29	0	.	.	.	hiconf	0	0	0	0	57	0	0	1	0	HWE_FALSE
chr22	43495507	43495508	T	TGGTGGTGGTGGAGGTAGTAGTGGTGGAGATGGTGGTGGTGGAGGTGATGGTGGA	54	INS	query_only	0/1	21	30	51	0	MPPED1	.	.	hiconf	0	0	0	0	57	0	0	1	0	HWE_FALSE
chr22	43496579	43496580	G	GATGGTGGAGGTGGTGGTGGAGATGGTGGTGGTGGAGGTGGTGGTGGTGGAGGTAATGGTGATGGTGGTGGAGATGGTGGTGGTGGAGGTGGTGGTGGTGGAGGTGATGGTGGAGGTA	117	INS	query_only	0/1	15	47	62	0	MPPED1	.	.	hiconf	0	0	0	0	57	0	0	1	0	HWE_FALSE
chr22	43500278	43500279	c	cGGTGGTGATGGTGGTGGTGGTGATGGGGGTGGTGGTGATGGTGATGGAGGTGGCGGTGGTGATGGTGGTGGTGGTGGTGGTGATGGTGATGGAGGTGGTGATGGGGGTGGTGGTGGTGATGGTGATGGAGGTGGTAGTGGTGGTGATGGAGGTGGTAATGGAGGTGGTGGTGGAGGTGGTGATGGAGGTGGTGATGGGGGTGGTGGTGGTGATGGTGATGGAGGTGGTAGTGGTGGTGATGGAGGTGGTAATGGAGGTGGTGGTGGAGGTGGTGATGGAGGTGGTGATGGGGGTGGTGGTGGTGATGGTGATGGAGGTGGTAGTGGTGGTGATGGAGGTGGTGATGGGGGTGGTGGTGGTGATGGTGATGGAGGTGGTAGTGATGGTGATGGAGGTGGTAATGGAGGTGGTGGGGGTGATGGTGGTGATGGTGATGGAGGTGGCAGTGATGATGGTGGTGATGGTGATGGAGGTGGTGGTGGTGATGGTGATGGAGGTGGTAATGGAGGTGGTGGTGGAGGTGGTGATGGAGGTGGTGATGGGGGTGGTGGTGGTGATGGTGATGGAGGTGGTAGTGGTGGTGATGGAGGTGGTAATGGAGGTGGTGGTGGAGGTGGTGATGGAGGTGGTGATGGGGGTGGTGGTGGTGATGGTGATGGAGGTGGTAGTGGTGGTGATGGAGGTGGTAATGGAGGTGGTGGGGGTGATGGTGGTGATGGTGATGGAGGTGGCAGTGATGATGGTGGTGATGGTGATGGAGGTGGTGGTGATGGTGATGGTGATGGAGGTGGTGATGGCGGTGGTGGTGGAGGTGGTGATGGAGGTGGTGATGGGGGTGGTGGTGGTGATGGTGATGGAGGTGGTGATGGTGGTGATGGAGGTGGTGATGGAGGTGGTGGTGGTGATGGTGGTGATGGTGATGGAGGTGGCAGTGATGATGGTGGTGATGGTGATGGAGGTGGCGGTGGTGATGGTGGT	978	INS	query_only	0/1	13	18	31	0	MPPED1	.	.	hiconf	0	0	0	0	57	0	0	1	0	HWE_FALSE
chr22	46635002	46635371	GAACTAGAGAGCAGCGGGCTGGGAGCCCAAGTGTCCTTCGTCCCTTTGTGGTTGGTACCACCCCTGGCCACTCCTGTCTTGGGGAGCCGTGTCCTCCCTGCCCCCGCCCCCAGCCACTCCTGTCCTGGGGAACCGTGTCCTCCCTGCCTCCACCCCTGGCCACTCCTGTCCTGGGGAACCGTGTCCTCCCTGCCCCCGCCCCCGGCCACTCCTGTCCTGGGGGACCGTGTCCTCCCTGCCCCCACCCCTGGCCACTCCTGTCCTGGGGGACCGTGTCCTCCCTGCCCCCGCCCCCGGCCACTCCTGTCCTGGGGGACCGTGTCCTCCCTGCCCCCACCCCTGGCCACTCCTGTCCTGGGAGACCGTGTCA	G	-369	DEL	query_only	0/1	18	14	32	0	GRAMD4	.	.	hiconf	0	0	0	0	57	0	0	1	0	HWE_FALSE
chr22	49265997	49266063	GGGGAGGCCCAGAGCTTCCCGGTGGAGGAGAGCGGGGAGGCCCAGAGCTTCCCGGTGGAGGAGAGGA	G	-66	DEL	query_only	0/1	10	22	32	0	.	.	.	hiconf	0	0	0	0	57	0	0	1	0	HWE_FALSE
chr22	49748771	49748772	C	CCAGCCCCAGAGGAAGGAGGAAACTGACAGGTCCAGGACCTTGGGCTCAGCCT	52	INS	query_only	0/1	14	22	36	0	.	.	.	hiconf	0	0	0	0	57	0	0	1	0	HWE_FALSE
chr22	50147372	50147612	GCCGCTCTCTCAGAGGCGCTCTGTGCAGAAGCAGGGAGGGTGCTGCAGGCCGCTCTCTCAGAGGCGCTCTGTGCAGAAGCAGGGAGGGTGCTGCAGGCCGCTCTCTCAGAGGCGCTCTGTGCAGAAGCAGGGAGGGTGCTGCAGGCCGCTCTCTCAGAGGCGCTCTGTGCAGAAGCAGGGAGGGTGCTGCAGGCCGCTCTCTCAGAGGCGCTCTGTGCAGAAGCAGGGAGGGTGCTGCAGC	G	-240	DEL	query_only	0/1	17	27	44	0	MOV10L1	.	.	hiconf	0	0	0	0	57	0	0	1	0	HWE_FALSE
chr22	50166508	50166509	G	GTCCCAGCGTGGCCCACGCCTGCAGTCCCAGCGTGGCCCACATCTCCAGTCCCAGCGTGGCTCAAGCCTGCAA	72	INS	query_only	0/1	29	30	59	0	MOV10L1;PANX2	.	.	hiconf	0	0	0	0	57	0	0	1	0	HWE_FALSE
