CHROM	POS	End_Pos	REF	ALT	SVLEN	SVTYPE	Inheritance	Control_support	GT	Alt_Reads	Ref_Reads	Total_Reads	Maternal_GT	Maternal_Alt_Reads	Maternal_Ref_Reads	Maternal_Total_Reads	Paternal_GT	Paternal_Alt_Reads	Paternal_Ref_Reads	Paternal_Total_Reads	Allele_Freq_ALL	Genes	OMIM_phenotype	OMIM_MOI	GENCC_phenotype	GENCC_support	GENCC_MOI	HPO_terms	pLI	UTR	CDS	ORegAnno	Vamos	Centromeric	Pericentromeric	Telomeric	Segdup	Repeat	Gap	Homopolymer	HiConf	Pop_Count_AFR	Pop_Freq_AFR	Pop_Count_AMR	Pop_Freq_AMR	Pop_Count_EAS	Pop_Freq_EAS	Pop_Count_EUR	Pop_Freq_EUR	Pop_Count_SAS	Pop_Freq_SAS	Pop_Count_ALL	Pop_Freq_ALL	Allele_Count_AFR	Allele_Freq_AFR	Allele_Count_AMR	Allele_Freq_AMR	Allele_Count_EAS	Allele_Freq_EAS	Allele_Count_EUR	Allele_Freq_EUR	Allele_Count_SAS	Allele_Freq_SAS	Allele_Count_ALL	Allele_Freq_ALL	GT_homWT	GT_het	GT_homVAR	p	q	HWE
chr22	10704936	10704937	a	aTATATATGAATATATATATGTATATATATATGAATATATATGAATATATATGATATATGTGTATGAATATATATATGAATATATATGTGTATATATATATATATATATATATATATATAT	120	INS	de_novo	HG00119.XY.GBR.EUR_HG02220.XX.IBS.EUR	0/1	28	79	107	./.	.	.	0	./.	.	.	0	0.002	.	.	.	.	.	.	.	.	.	.	.	vamos	.	pericentromeric	.	segdups	.	.	.	.	0	0	0	0	0	0	2	0.0277778	0	0	2	0.004	0	0	0	0	0	0	2	0.0138889	0	0	2	0.002	498	2	0	0.998	0.002	HWE_FALSE
chr22	12337353	12337354	a	aGTTATTATGTGACGATATTTTGTTTTCCACAATGGGCCGCAAAGCACTCTTTGAGATGAATGCACCTGTCAAAAGACATTTCTGAGAATGCTTCTAGGT	99	INS	de_novo	HG00110.XX.GBR.EUR	0/1	9	20	29	./.	.	.	0	./.	.	.	0	0.001	.	.	.	.	.	.	.	.	.	.	.	.	.	pericentromeric	.	segdups	repeat	.	.	.	0	0	0	0	0	0	1	0.0138889	0	0	1	0.002	0	0	0	0	0	0	1	0.00694444	0	0	1	0.001	499	1	0	0.999	0.001	HWE_FALSE
chr22	13227312	13227412	N	<DEL>	-100	DEL	de_novo	query_only	./.	.	.	0	./.	.	.	0	./.	.	.	0	0	.	.	.	.	.	.	.	.	.	.	.	.	centromeric	.	.	.	.	Gap	.	.	0	0	0	0	0	0	0	0	0	0	0	0	0	0	0	0	0	0	0	0	0	0	0	0	500	0	0	1	0	HWE_FALSE
chr22	13248082	13248182	N	<DEL>	-100	DEL	inherited	query_only	1/1	27	0	27	1/1	13	0	13	1/1	24	2	26	0	.	.	.	.	.	.	.	.	.	.	.	.	centromeric	.	.	.	.	Gap	.	.	0	0	0	0	0	0	0	0	0	0	0	0	0	0	0	0	0	0	0	0	0	0	0	0	500	0	0	1	0	HWE_FALSE
chr22	13254853	13254953	N	<DEL>	-100	DEL	inherited	query_only	1/1	27	1	28	1/1	13	0	13	1/1	24	0	24	0	.	.	.	.	.	.	.	.	.	.	.	.	centromeric	.	.	.	.	Gap	.	.	0	0	0	0	0	0	0	0	0	0	0	0	0	0	0	0	0	0	0	0	0	0	0	0	500	0	0	1	0	HWE_FALSE
chr22	13258198	13258298	N	<DEL>	-100	DEL	inherited	query_only	1/1	24	0	24	1/1	10	0	10	1/1	17	1	18	0	.	.	.	.	.	.	.	.	.	.	.	.	centromeric	.	.	.	.	Gap	.	.	0	0	0	0	0	0	0	0	0	0	0	0	0	0	0	0	0	0	0	0	0	0	0	0	500	0	0	1	0	HWE_FALSE
chr22	13264961	13265303	actattctgagaaacttctttgggatgtgtgctttcatctcacagagtaaaacattcttttgatcgagcagttttgtaagtctctttttgtagaatctgcaagtggacattttgagtcctttcaggtctatggtggaaaaggaaatatctacaaattgaaacttgacagaagaattctgagaaactcctttgtgatgcttgcattcatctaacagacttgaacctttctttatgattgagcagtttggaaaccctctttttgtagaatctgctagcggatatctggagcgttttgcagcctatggtggaaaaggaaatatcttcacataaaaactaaacagat	a	-342	DEL	de_novo	HG00581.XX.CHS.EAS_HG04235.XY.ITU.SAS	1/1	2	0	2	./.	.	.	0	./.	.	.	0	0.002	.	.	.	.	.	.	.	.	.	.	.	.	centromeric	.	.	.	repeat	.	.	.	0	0	0	0	1	0.0105263	0	0	1	0.00970874	2	0.004	0	0	0	0	1	0.00526316	0	0	1	0.00485437	2	0.002	498	2	0	0.998	0.002	HWE_FALSE
chr22	13265469	13265641	acagaggaattctgagagacttctttgtgatgcgtgtactcatcttacagagttaaaccttccttttgaatgagcagatttgaaactgtctttttgtagaatctgcaagtggacattttgagcgccttgaggcctatggtggaaaagaaaatgccttcacatgaaaactagac	a	-172	DEL	de_novo	HG00581.XX.CHS.EAS_HG04235.XY.ITU.SAS	1/1	2	0	2	./.	.	.	0	./.	.	.	0	0.002	.	.	.	.	.	.	.	.	.	.	.	.	centromeric	.	.	.	repeat	.	.	.	0	0	0	0	1	0.0105263	0	0	1	0.00970874	2	0.004	0	0	0	0	1	0.00526316	0	0	1	0.00485437	2	0.002	498	2	0	0.998	0.002	HWE_FALSE
chr22	13265974	13266121	ctagtcaaaagaattctgagaaactgcttggtgatgtgtgcgttcaccacacagagctgaaccattgttttgattgagcagtttggaaaccctctttttgtagaatctgcaagtggacaatttgagcaccttgtggcctctggtggaa	c	-147	DEL	de_novo	HG00581.XX.CHS.EAS_HG04235.XY.ITU.SAS	1/1	2	0	2	./.	.	.	0	./.	.	.	0	0.002	.	.	.	.	.	.	.	.	.	.	.	.	centromeric	.	.	.	repeat	.	.	.	0	0	0	0	1	0.0105263	0	0	1	0.00970874	2	0.004	0	0	0	0	1	0.00526316	0	0	1	0.00485437	2	0.002	498	2	0	0.998	0.002	HWE_FALSE
chr22	13266714	13266884	tttgaaccttacttttcattgagcagatatgaaacactccttttgtagaatctgcaagtggacaattggaccgctttgtggcctatggtggaaaaggatatatcgtcacataaaaactagacagaaatcttctgacaaacttctttgttatgtgtgcattcatctttcaga	t	-170	DEL	de_novo	HG02819.XY.GWD.AFR_HG00581.XX.CHS.EAS_HG04235.XY.ITU.SAS	1/1	2	0	2	./.	.	.	0	./.	.	.	0	0.004	.	.	.	.	.	.	.	.	.	.	.	.	centromeric	.	.	.	repeat	.	.	.	1	0.00613497	0	0	1	0.0105263	0	0	1	0.00970874	3	0.006	2	0.00613497	0	0	1	0.00526316	0	0	1	0.00485437	4	0.004	497	2	1	0.996	0.004	HWE_FALSE
chr22	13267272	13267434	gagaatctgtaagtggacattttgagggctttgacgcacatggtggaaaaggaaataccttcacataaaaacgagacagaagcattctgacaaactactttgtaatgtgtgcattcatctctcagagctggacctttcttttggttgaacagctttgaaacac	g	-162	DEL	de_novo	HG00581.XX.CHS.EAS_HG01868.XX.KHV.EAS_HG03616.XX.BEB.SAS_HG04235.XY.ITU.SAS	1/1	2	0	2	./.	.	.	0	./.	.	.	0	0.005	.	.	.	.	.	.	.	.	.	.	.	.	centromeric	.	.	.	repeat	.	.	.	0	0	0	0	2	0.0210526	0	0	2	0.0194175	4	0.008	0	0	0	0	3	0.0157895	0	0	2	0.00970874	5	0.005	496	3	1	0.995	0.005	HWE_FALSE
chr22	13268364	13268535	aaaatctagacagaggaattctgagagacttctttgtgatgcgtgtactcatcttacagagttaaaccttccttttgaatgagcagatttgaaactgtctttttgtagaatctgcaagtggacattttgagcgccttgaggcctatggtggaaaagaaaatgccttcacatg	a	-171	DEL	de_novo	GM19446.XX.LWK.AFR_HG01461.XY.CLM.AMR_HG00581.XX.CHS.EAS_HG01808.XX.CDX.EAS_HG01867.XY.KHV.EAS_HG02025.XX.KHV.EAS_HG02230.XX.IBS.EUR_HG04235.XY.ITU.SAS	1/1	2	0	2	./.	.	.	0	./.	.	.	0	0.01	.	.	.	.	.	.	.	.	.	.	.	.	centromeric	.	.	.	repeat	.	.	.	1	0.00613497	1	0.0149254	4	0.0421053	1	0.0138889	1	0.00970874	8	0.016	2	0.00613497	1	0.00746269	5	0.0263158	1	0.00694444	1	0.00485437	10	0.01	492	6	2	0.99	0.01	HWE_FALSE
chr22	13271911	13271912	c	cTTTGATGCCCCTGGTTGAAAAGGAAATATCTTAACTCACAAAAACTAGACAGAAGCATTCTGAGAAACTTCTTTCTGATGTGTGAATTCATCTCACAGAGTTGAAACTCTCTTTTCTTTGATACTAGTTTTGAAATATGCTTTTTGTAGAATCTGCAAGTACAGTTTCAGAGCCCTATGAGGCCTATGGTGAATAGGAAATATCTCCACATAAAAACTAGACAGAATTCTCAGAAACTTCTTTGTGATGTTTGCATTCATCTCACAGAGTTGAACCTTTCTTTTGATTGAGCAGTTTGGAAACGTCTTTTCGTAGTATCTGCAAGTGAACATTTGGAGCGCTTTGTGGTGTACTATAGGAAAGGAAATATCTTCACATAAAATCTAGACAGAAGAGTTGTGATATTCTTTTGATGTGTGCATTCATCTCACAGAGATGAAACCTTTCTTTTCATTGAGCAGTTTGGAACTCTCTTTTTATAGAATCTGCAAGGGGACATTTGGAGCGCTTTGTGGCCTATGCTAGAAAAGGAAATATCTTCACATAAAAACTAGATAGAAGCAATCTGAGAAACTTTTTGTTGATGTGTGAATTCATCTCCCAGAATTGAAAAGTATTCTTTTGATGGAAACATTATTTTCCGGGTATCTGCAAGTGGATATTTCCAATTCATTGAGGCTATGGGTGGAATAGGAAAAAATCTTCATATAAAACAAGGAAATATCTTTATAAAACTAGACAGAGAATAATCTGTAAAACTACTTTGGCTGTAATTTGTAAGGTGTGCATTGATCTCACAGAGTTGAACCTTTCTTTTCAATTCAGCAGTTTGGAAACACTCTCTTTTTGTAGAATCTTCAAGTGGACATTTGGAGTGCTTTGAAGCCTATGGTAGAAAAGGAAATATCTTCACATAAAACCTAGAAGGATTCTGAGAAGCTACTTTGTGATGTGTATTTCATCTCACACTTGTTAGAAATTTTCCCTTATTTAGGAAAGGAAGTTGTAACCTTCTTTTTAGTCATCTGCAAAGTGGTGATTTGGTAGCTCTTGAGGCCTATGGTGGAAAAGGAAATATCTTCACATAAAAACCAGAGACAATAATTCTCAGAACCTTCTTTGTGATGTGTGCGTTCATCTCACAGTGTTGAACTTTTCTTTGATTGAGCAGTTTGGAAACACACTTTTTGTAGAATCTGCAGATGGATATTTGGAGCACTATGGTGAATGGTAGAAAAGGAAATATCTTCACATAAAATCTAGACAGAAGCAATCTGAGAAACTTCCGTTTGATGCAGTTGGCTAAATCTCACAGAGAGTTGAACCTTTCTTTTGATTGAGCAGTTTGAAACTCTCTTTTTGTAGAATCTGCAAGTGGACATTTGGAGCGGTTTCAGAACTATGGTGGAAAAGGAAATATCTTCACATAAAAACTAGACAGAAGAATTCTGAGAAACTTCATTGTGATGTGTGTATTCATCTCACGGAGTTGTACTTTTCTTTTGATTGAGCAGTTTTGAAGCTGTGTTTTTTTAGAATCTGCAAGTCAGCATTTGGAGCGCTTTGAGGCCTATAGTGGAAAAGGAGATATCTTCACATACAAACTAGACAAAACAATTTTCACAGAACATCTTTTTCCATGTGGTTAATCTCACAAGGTTGAACCTTTTCTTTTGATGGAACAGTTTGTAATGTCTCTTTTTGTAGAATCTGCATGTGAACACTTGGAGCGATTCATCTCACAGACTTGAACCTTTCTTTTGATGGAGCAGTTTGAAACACTCTTTTTGTAGAATCTGCAAAGGGACATTTGGAGCGGTTTGCAGCTGAATGCTATAGAAAAGGAAATATCTTCATATAAAAACTAGACAGAGCAATTCTGAGAAACTGTTTTCAATGTGTATTCATCTGACAGAGTTAAACTTTCATTGAGCAGTTTTTAAACTCTCTTTTTGTAGAATCTGCAAGTGGACATTTGGAGTGCTTTGAGGCCTATGGTGGAAAAGGAAATATCTTCATTTAAAAACTAGATAGAAGCATTCTGAGAAACCTCTTTGTGATGTTTGTATTCATCTCCCAGAGCTGAACTATTTCTTTTTATGGGGCAGTTTTGAAACAATCTTTTTGTAGAATTTGCAAGTAGACAGTTTCCAAGTAAACTCTGTGGCCTCTGGTGGAAAAGGAAATCTTCACATAAAAAGCTACTTTCTCAGAATTTGCAGGTTTTTAGTTGATGTGT	2239	INS	de_novo	HG00581.XX.CHS.EAS_HG04235.XY.ITU.SAS	1/1	2	0	2	./.	.	.	0	./.	.	.	0	0.003	.	.	.	.	.	.	.	.	.	.	.	.	centromeric	.	.	.	repeat	.	.	.	0	0	0	0	1	0.0105263	0	0	1	0.00970874	2	0.004	0	0	0	0	1	0.00526316	0	0	2	0.00970874	3	0.003	498	1	1	0.997	0.003	HWE_FALSE
chr22	13275549	13275696	ctagacagaaatcttctgacaaacttctttgttatgcatgcattcatctttcagagttgaaccttccttttgattgagcaactttgaaacactctttttgtagaatctgcaagtagtcatttgtagcgctttggagactatggcgaaa	c	-147	DEL	de_novo	HG00581.XX.CHS.EAS	1/1	2	0	2	./.	.	.	0	./.	.	.	0	0.001	.	.	.	.	.	.	.	.	.	.	.	.	centromeric	.	.	.	repeat	.	.	.	0	0	0	0	1	0.0105263	0	0	0	0	1	0.002	0	0	0	0	1	0.00526316	0	0	0	0	1	0.001	499	1	0	0.999	0.001	HWE_FALSE
chr22	13808027	13808370	N	<DEL>	-343	DEL	de_novo	query_only	0|1	2	2	4	./.	.	.	0	./.	.	.	0	0	.	.	.	.	.	.	.	.	.	.	.	.	centromeric	.	.	.	repeat	.	.	.	0	0	0	0	0	0	0	0	0	0	0	0	0	0	0	0	0	0	0	0	0	0	0	0	500	0	0	1	0	HWE_FALSE
chr22	13809371	13809713	N	<DEL>	-342	DEL	de_novo	query_only	0/1	2	1	3	./.	.	.	0	./.	.	.	0	0	.	.	.	.	.	.	.	.	.	.	.	.	centromeric	.	.	.	repeat	.	.	.	0	0	0	0	0	0	0	0	0	0	0	0	0	0	0	0	0	0	0	0	0	0	0	0	500	0	0	1	0	HWE_FALSE
chr22	14328474	14328475	N	GGACGTTTCGGACGGTTTGAGGCCCATGGTGATAAAGGGAATATCTTCCCGTAATAAAAACTAGAAAGAAGCATTCTGTGAAACTAGTTTGTGATGTGTGTACTCAACTAACAGAGTTGAACCTTTCTTTTTACAGAGCAGTATTGAAACACTCTTTTTGAAGAATCTGCGAGGGGATATTTGGATAGATTTCAGGATTTCGTTGGAAACGGGAATATCTTCATATAAAATCTCGACAGATGCATTCTCAGAAACTTCTTTGTGATATGTGCATACTAGTCACAGAGTTGAATATTCCCTTTCACAGAGCAGGTTTGAAACACTCTTTTTGTAGAATCTGGAAGTGGACATTTGGAGCGCCTTAACGCCTACGGTGAAAAGGGAAATATCTTCCCATAAAAACTAGACAGAAGCAATCTCAGAATCTTCTTTGGGATATATGCACGCAGCTAACACAGTTGAACCTTTCTATTGAAAGAGCAGTTTAGAAACAGTCTTTCTGTGGAATCTGCAAGTGGATATTTGGATAGCTGTGAAGATTTCGTTGGAAACAGGAATATCTTCCTATAAAGGCTGGACAGAAGCATTCTCAGAAACTGCTCTGTGATGTCTGCATTCAAGTCACAGAATTGAACATTGCCTTTCATAGAGCAGGTTTGAAACGCTCTTTTTGTACTATATGGAAGA	687	INS	de_novo	query_only	0|1	2	1	3	./.	.	.	0	./.	.	.	0	0	.	.	.	.	.	.	.	.	.	.	.	.	centromeric	.	.	.	repeat	.	.	.	0	0	0	0	0	0	0	0	0	0	0	0	0	0	0	0	0	0	0	0	0	0	0	0	500	0	0	1	0	HWE_FALSE
chr22	14607344	14607345	N	GAACCTTTCTTTTTACAGAGCAGCTTTGAAACTCTATTTTTGTGGATTCTGCAAATTGATATTTAGATTGCTTTAACGATATCGTTGGAAAAGGGAGTATCGTCATACAAAATCTACACAGAAGCATTCTCACAAACTTCTTTGTGATGTGTGTCCTCAACTAACAGAGTT	171	INS	paternal	HG01841.XX.KHV.EAS_HG01860.XY.KHV.EAS	1/1	2	0	2	./.	.	.	0	0|1	2	1	3	0.004	.	.	.	.	.	.	.	.	.	.	.	.	centromeric	.	.	.	repeat	.	.	.	0	0	0	0	2	0.0210526	0	0	0	0	2	0.004	0	0	0	0	4	0.0210526	0	0	0	0	4	0.004	498	0	2	0.996	0.004	HWE_FALSE
chr22	14644106	14644107	N	TTCTGCAAGTGGATATTTGGATTGCTTTGAGGATTTCGTTGGAAGCGGGAATTCGTATAAAAACTAGACAGCAGCATTCCCAGAAATTTCTTTCGGATATTTCCATTCGACTCATAGAGATGAACATGGCCTTTCATAGAGCAGGTTTGAAACACTCTTTTTGTAGTTTGTGGAAGTGGACATTTCGATCGCCTTGACGCCTACGGTGAAAAAGGAAATATCTTCCCATAAAAAATAGACAGAAGCATTCTCAGAAACTTGTTGGTGATATGTGTCCTCAACTAACAGAGTTGAACTTTGCCATTGATAGAGAGCAGTTTTGAAACACTCTTTTTGTGG	339	INS	de_novo	HG00742.XY.PUR.AMR_HG00250.XX.GBR.EUR_HG04047.XX.STU.SAS	1|0	2	2	4	./.	.	.	0	./.	.	.	0	0.006	.	.	.	.	.	.	.	.	.	.	.	.	centromeric	.	.	.	repeat	.	.	.	0	0	1	0.0149254	0	0	1	0.0138889	1	0.00970874	3	0.006	0	0	2	0.0149254	0	0	2	0.0138889	2	0.00970874	6	0.006	497	0	3	0.994	0.006	HWE_FALSE
chr22	14651199	14651371	N	<DEL>	-172	DEL	de_novo	query_only	1|0	2	3	5	./.	.	.	0	./.	.	.	0	0	.	.	.	.	.	.	.	.	.	.	.	.	centromeric	.	.	.	repeat	.	.	.	0	0	0	0	0	0	0	0	0	0	0	0	0	0	0	0	0	0	0	0	0	0	0	0	500	0	0	1	0	HWE_FALSE
chr22	14652390	14652391	N	GAACCTTTCTTTTTACAGAGCAGCTTTGAAACTCTATTTTTGTGGATTCTGCAAATGGATATTTAGATTGCTTTAACGATATCGTTGGAAAAGGGAATATCGTCATACAAAATCTAGACAGAAGCATTCTCACAAACTTCTTTGTGACGTGTGTCCTCAACTAACAGAGTT	171	INS	de_novo	query_only	1|0	2	2	4	./.	.	.	0	./.	.	.	0	0	.	.	.	.	.	.	.	.	.	.	.	.	centromeric	.	.	.	repeat	.	.	.	0	0	0	0	0	0	0	0	0	0	0	0	0	0	0	0	0	0	0	0	0	0	0	0	500	0	0	1	0	HWE_FALSE
chr22	14652778	14652779	N	TCTGCAAGTGGATATTTGGATTGCTTTGAGGATTTCGTTGGAAACGGGAATTCGTATAAAAACTAGACAGCAGCATTCCCAGAAGTTTCTTTCGGATATTTCCATTCGACTCATAGAGATGAACATGGCCTTTCATAGAGCAGGTTTGAAACACTCTTTTTGTAGTTTGTGGAAGTGGACATTTCGATCGCCTTGACGCCTACGGTGAAAAAGGAAATATCTTCCCATAAAAAATAGACAGAAGCATTCTCAGAAACTTGTTGGTGATATGTGTCCTCAACTAACAGAGTTGAACTTTGCCATTGATAGAGAGCAGTTTTGAAACACTCTTTTTGTGG	339	INS	de_novo	query_only	1|0	2	2	4	./.	.	.	0	./.	.	.	0	0	.	.	.	.	.	.	.	.	.	.	.	.	centromeric	.	.	.	repeat	.	.	.	0	0	0	0	0	0	0	0	0	0	0	0	0	0	0	0	0	0	0	0	0	0	0	0	500	0	0	1	0	HWE_FALSE
chr22	14837474	14837645	N	<DEL>	-171	DEL	maternal	HG02570.XY.GWD.AFR_HG02345.XX.PEL.AMR	./.	.	.	0	1/1	2	0	2	./.	.	.	0	0.004	.	.	.	.	.	.	.	.	.	.	.	.	centromeric	.	.	.	repeat	.	.	.	1	0.00613497	1	0.0149254	0	0	0	0	0	0	2	0.004	2	0.00613497	2	0.0149254	0	0	0	0	0	0	4	0.004	498	0	2	0.996	0.004	HWE_FALSE
chr22	14954206	14954207	c	cAGCATTCTCAGAAATTTCTTTCTGATGTCTGCATTCAACTCATAGAGTTGAAGATTCCCTTTCATAGAGCAGGTTTGAAACACTCTTTCTGTAGTATCTGGATGTGGACATTTGGAGCGCTTTGATGCCTACGGTGAAAAAGTAAATATCTTCCCAGAAAAACGAGACAGA	171	INS	maternal	HG02594.XY.GWD.AFR_HG03157.XY.ESN.AFR_HG00663.XX.CHS.EAS_HG00097.XX.GBR.EUR_HG02230.XX.IBS.EUR	1/1	2	0	2	1/1	2	0	2	./.	.	.	0	0.008	.	.	.	.	.	.	.	.	.	.	.	.	centromeric	.	.	.	repeat	.	.	.	2	0.0122699	0	0	1	0.0105263	2	0.0277778	0	0	5	0.01	3	0.00920245	0	0	4	0.0210526	1	0.00694444	0	0	8	0.008	495	2	3	0.992	0.008	HWE_FALSE
chr22	15218721	15219190	N	<DEL>	-469	DEL	de_novo	query_only	1/1	2	0	2	./.	.	.	0	./.	.	.	0	0	.	.	.	.	.	.	.	.	.	.	.	.	.	pericentromeric	.	segdups	repeat	.	.	.	0	0	0	0	0	0	0	0	0	0	0	0	0	0	0	0	0	0	0	0	0	0	0	0	500	0	0	1	0	HWE_FALSE
chr22	16310347	16310403	N	<DEL>	-56	DEL	de_novo	query_only	1/1	2	0	2	./.	.	.	0	./.	.	.	0	0	.	.	.	.	.	.	.	.	.	.	.	.	.	pericentromeric	.	.	.	Gap	.	.	0	0	0	0	0	0	0	0	0	0	0	0	0	0	0	0	0	0	0	0	0	0	0	0	500	0	0	1	0	HWE_FALSE
chr22	16523123	16523124	a	aTATATATATATATACATATATATATGTATATATATATATACATATATATATATG	54	INS	de_novo	HG01170.XY.PUR.AMR_HG01864.XY.KHV.EAS_HG03667.XY.PJL.SAS_HG03736.XX.STU.SAS	0/1	12	40	52	./.	.	.	0	./.	.	.	0	0.004	.	.	.	.	.	.	.	.	.	.	.	.	.	pericentromeric	.	segdups	repeat	.	.	.	0	0	1	0.0149254	1	0.0105263	0	0	2	0.0194175	4	0.008	0	0	1	0.00746269	1	0.00526316	0	0	2	0.00970874	4	0.004	496	4	0	0.996	0.004	HWE_FALSE
chr22	17388852	17389666	N	<DEL>	-814	DEL	paternal	query_only	1|0	10	22	32	./.	.	.	0	0/1	17	14	31	0	CECR2	.	.	.	.	.	.	1.00E+00	.	.	.	.	.	pericentromeric	.	.	repeat	.	.	hiconf	0	0	0	0	0	0	0	0	0	0	0	0	0	0	0	0	0	0	0	0	0	0	0	0	500	0	0	1	0	HWE_FALSE
chr22	18729690	18729691	a	aTATATTATATTAAATATAATATTATATATTATATTAAATATAATATTATATATTATATTAAATATAATATTATATATTATATTAAATAAAATATTG	96	INS	de_novo	HG02837.XX.GWD.AFR_HG01312.XX.PUR.AMR_HG01372.XX.CLM.AMR_HG02301.XX.PEL.AMR_HG02049.XX.KHV.EAS_HG02186.XX.CDX.EAS_HG02601.XX.PJL.SAS	0|1	15	28	43	./.	.	.	0	./.	.	.	0	0.007	.	.	.	.	.	.	.	.	.	.	.	vamos	.	pericentromeric	.	segdups	repeat	.	.	.	1	0.00613497	3	0.0447761	2	0.0210526	0	0	1	0.00970874	7	0.014	1	0.00306748	3	0.0223881	2	0.0105263	1	0.00694444	0	0	7	0.007	493	7	0	0.993	0.007	HWE_FALSE
chr22	19726545	19726605	N	<DEL>	-60	DEL	maternal	query_only	0/1	12	21	33	0|1	21	14	35	./.	.	.	0	0	SEPTIN5;ENSG00000284874;GP1BB	.;Bernard-Soulier_syndrome_type_B|Giant_platelet_disorder_isolated	AR|AR;.	Bernard_Soulier_syndrome|autosomal_dominant_macrothrombocytopenia;.	.;Definitive|Strong|Supportive	Autosomal_recessive|Autosomal_dominant;.	HP:0000007;HP:0000132;HP:0000225;HP:0000421;HP:0000979;HP:0001873;HP:0001873;HP:0001892;HP:0001902;HP:0002239;HP:0003010;HP:0003577;HP:0004846;HP:0006298;HP:0011871;HP:0040185|HP:0000007;HP:0000132;HP:0000225;HP:0000421;HP:0000979;HP:0001873;HP:0001873;HP:0001892;HP:0001902;HP:0002239;HP:0003010;HP:0003577;HP:0004846;HP:0006298;HP:0011871;HP:0040185;.	9.89E-01;.;1.04E-02	.	.	TBX1_EGR1_TF_bs	.	.	pericentromeric	.	.	.	.	.	hiconf	0	0	0	0	0	0	0	0	0	0	0	0	0	0	0	0	0	0	0	0	0	0	0	0	500	0	0	1	0	HWE_FALSE
chr22	20359175	20359799	TGCCGCCCAGGGCATCGCGAACGAGGACGCCGCCCAGGGCATCGCACACGAGGACGCCGTCCAGGGCATCGCTAACGAGGACGCCGTCCACGGCATCGCTAAAGAGGTCGCCGCCCACGGCGTCGCTAACGAGGATGCCGCCCACGCGATCGCTAAGCCGGACGCCGCCCGCGGCATCGCTAACGAGGTCGCCACCCAGGGCATCGCTACCCAGGATGTCGCCGACGGCATCGCTAACGAGGACGCCGCCCACGGCGTCGCTAACGAGGTCGCCGCCCACGGCATCGCTAACGAGGTCGCCGTCCACTGCGTCGCTATCGAGGACGCCGCCCAGGGCGTCGCTAAAGAGGTCACCGCCCACGGCGTCGCTAACGAGGACGCCGTCCAGGGCGTCGTTAACGAGTACGCCCTCCACAGCGTCGTCGCTAACGAGGATGCCGCCCAAGCAATCGCTAAGCCGGACGCCGCCCATGGCATCGCTAACGAGGTCGCCGCCCACAGCATCGCGAACGAGGACGCTGCCCAGGGCATCGCGAACGAGGACGCCGCCCAGGGCATCGCTAACGAGGTCGCCGCCCACGGCATCTCTAAGGAGGACGCCGTCCAGGGCATCGCGAACGAGGAC	T	-624	DEL	paternal	HG02479.XX.ACB.AFR_HG03382.XY.MSL.AFR_HG03460.XY.MSL.AFR_HG01845.XX.KHV.EAS_HG03884.XX.STU.SAS_HG04038.XX.STU.SAS	0|1	11	15	26	./.	.	.	0	0|1	11	18	29	0.006	.	.	.	.	.	.	.	.	.	.	USP41_EGR1_TF_bs	.	.	.	.	segdups	.	.	.	hiconf	3	0.0184049	0	0	1	0.0105263	0	0	2	0.0194175	6	0.012	3	0.00920245	0	0	1	0.00526316	0	0	2	0.00970874	6	0.006	494	6	0	0.994	0.006	HWE_FALSE
chr22	21814854	21814855	c	cAGAGAGAGAGAGAGAGAGAGAGAGAGAGAGAGAGAGAGAGAGAGAGAGAGAGACAGGAGACAGAGAGAGAGAGAGAGAGAGAGAGAGAGAGAGAGAGAGAGAGAGAGAGACAGAGAGAGAGAGAGAGAGAGACAGAGAGAGAGAGAGAGACAGAGAGAGAGAGAGACAGAGAGAGAGAGACAGAGAGAGAGAGAGAGAG	199	INS	paternal	GM19457.XX.LWK.AFR_HG01868.XX.KHV.EAS_HG01878.XX.KHV.EAS_HG02049.XX.KHV.EAS_HG02113.XX.KHV.EAS	0|1	19	18	37	./.	.	.	0	0|1	14	16	30	0.005	MAPK1	Noonan_syndrome_13	AD	Noonan_syndrome_13	Moderate|Strong	Autosomal_dominant	HP:0000006;HP:0000028;HP:0000081;HP:0000154;HP:0000218;HP:0000252;HP:0000280;HP:0000286;HP:0000307;HP:0000316;HP:0000341;HP:0000343;HP:0000347;HP:0000348;HP:0000358;HP:0000369;HP:0000403;HP:0000431;HP:0000463;HP:0000465;HP:0000470;HP:0000494;HP:0000508;HP:0000635;HP:0000687;HP:0000691;HP:0000718;HP:0000739;HP:0000750;HP:0000957;HP:0000958;HP:0000978;HP:0000998;HP:0001003;HP:0001004;HP:0001182;HP:0001249;HP:0001263;HP:0001290;HP:0001357;HP:0001377;HP:0001382;HP:0001609;HP:0001631;HP:0001634;HP:0001653;HP:0001763;HP:0001776;HP:0001840;HP:0001845;HP:0002020;HP:0002162;HP:0002197;HP:0002230;HP:0002389;HP:0002553;HP:0002650;HP:0002967;HP:0005487;HP:0007018;HP:0007874;HP:0010806;HP:0011229;HP:0012168;HP:0012469;HP:0025352;HP:0030084;HP:0100559;HP:0100625	9.99E-01	.	.	.	vamos	.	.	.	.	repeat	.	.	hiconf	1	0.00613497	0	0	4	0.0421053	0	0	0	0	5	0.01	1	0.00306748	0	0	4	0.0210526	0	0	0	0	5	0.005	495	5	0	0.995	0.005	HWE_FALSE
chr22	32842710	32842711	N	TGGTTTTGTGGTTTCTTTTTTTTTTTTTTTTTTTTTTTTTTTTTGAGACGGAGTCTCGCTCTGTCGCCCAGGCCGGACTGCGGACTGCAGTGGCGGAATCTCGGCTCACTGCAAGCTCCGCCTCCCGGGTTCAAGCCATTCTCCTGCCTCAGCCTCCCGAGTAGCTGGGACTACAGGCGCCCGCCACCGCGCCCGGCTAATTTTTTGTATTTTTAGTAGAGACGGGGTTTCACCTTGTTAGCCAGGATGGTCTCGATCTCCTGACCTCATGATCCACCCGCCTCGGCCTCCCAAAGTGCTGGGACTACAGGCGTGAGCCACCGCGCCCGGCC	332	INS	maternal	query_only	0|1	15	22	37	1|0	14	8	22	./.	.	.	0	0	TIMP3;SYN3	Sorsby_fundus_dystrophy;.	AD;.	Sorsby_fundus_dystrophy;.	.;Definitive|Strong|Supportive	Autosomal_dominant;.	HP:0000006;HP:0000501;HP:0000512;HP:0000533;HP:0000618;HP:0007754;HP:0011462;.	5.34E-05;4.64E-01	.	.	.	.	.	.	.	.	.	.	.	hiconf	0	0	0	0	0	0	0	0	0	0	0	0	0	0	0	0	0	0	0	0	0	0	0	0	500	0	0	1	0	HWE_FALSE
chr22	43469473	43469474	N	GAACTGCAGGGTGATGGGAACACTGGAAAACGGAACTGCAGGGCGATGGGAACACTGGAAAACG	64	INS	maternal	query_only	1|0	16	22	38	1|0	25	14	39	./.	.	.	0	0	MPPED1	.	.	.	.	.	.	4.56E-02	.	.	.	.	.	.	.	.	.	.	.	hiconf	0	0	0	0	0	0	0	0	0	0	0	0	0	0	0	0	0	0	0	0	0	0	0	0	500	0	0	1	0	HWE_FALSE
chr22	45228899	45228900	A	AACCACCAAACACTCACCTGAGAGATCCCTCTCCACCCCCGCCACCACCACTCACCCGAAAGATCCCTCTTCACCCCCCAACCACC	85	INS	de_novo	GM19446.XX.LWK.AFR_HG01088.XY.PUR.AMR_HG01334.XY.GBR.EUR_HG03851.XY.STU.SAS_HG04094.XY.ITU.SAS_HG04214.XX.ITU.SAS	1|0	14	14	28	./.	.	.	0	./.	.	.	0	0.006	KIAA0930	.	.	.	.	.	.	4.46E-05	.	.	.	vamos	.	.	.	.	.	.	.	hiconf	1	0.00613497	1	0.0149254	0	0	1	0.0138889	3	0.0291262	6	0.012	1	0.00306748	1	0.00746269	0	0	1	0.00694444	3	0.0145631	6	0.006	494	6	0	0.994	0.006	HWE_FALSE
chr22	46616874	46616926	N	<DEL>	-52	DEL	maternal	HG03460.XY.MSL.AFR	0|1	12	30	42	1/1	18	5	23	./.	.	.	0	0.002	GRAMD4	.	.	.	.	.	.	9.98E-01	.	.	.	vamos	.	.	telomeric	segdups	.	.	.	hiconf	1	0.00613497	0	0	0	0	0	0	0	0	1	0.002	2	0.00613497	0	0	0	0	0	0	0	0	2	0.002	499	0	1	0.998	0.002	HWE_FALSE
chr22	46772609	46772610	t	tATATATGTATACACATATACATATATATATGTATACACACATATACATATATATGTATACACACATATACATATATATGTATACACACATATACATATATATGTATACACACATATACATATATATGTATACACAC	136	INS	maternal	GM19438.XX.LWK.AFR_HG03168.XX.ESN.AFR_HG03385.XY.MSL.AFR_HG00599.XX.CHS.EAS_HG02360.XY.CDX.EAS_HG02394.XY.CDX.EAS_HG03814.XX.BEB.SAS	0|1	13	26	39	1|0	8	24	32	./.	.	.	0	0.01	TBC1D22A	.	.	.	.	.	.	1.53E-09	.	.	.	vamos	.	.	telomeric	.	repeat	.	.	hiconf	3	0.0184049	0	0	3	0.0315789	0	0	1	0.00970874	7	0.014	5	0.0153374	0	0	3	0.0157895	0	0	2	0.00970874	10	0.01	493	4	3	0.99	0.01	HWE_FALSE
chr22	46859424	46859425	T	TTTTTTGATAGAGGTCCGCGCAGTGCCGTGCCCCTTCCCGGGACCAGAATCCTTTTCCATAGAGGTCCGCGCAGTGCCGTGCCCCTTCCCGGGACCAGAATCCTTTTTTGATAGAGGTCCGCGCAGTGCCGTGCCCCTTCCCGGGACCAGAATCCTTTTCCATAGAGGTCCGCGCAGTGCCGTGCCCCTTCCCGGGACCAGAATCCTTTTCCATAGAGGTCCGCGCAGTGCCGTGCCCCTTCCCGGGACCAGAATCC	256	INS	paternal	GM19440.XX.LWK.AFR_HG00729.XX.CHS.EAS_HG01031.XY.CDX.EAS_HG01848.XX.KHV.EAS_HG03787.XX.ITU.SAS_HG03897.XX.STU.SAS	0/1	16	23	39	./.	.	.	0	0/1	9	17	26	0.006	TBC1D22A	.	.	.	.	.	.	1.53E-09	.	.	.	vamos	.	.	telomeric	.	.	.	.	hiconf	1	0.00613497	0	0	3	0.0315789	0	0	2	0.0194175	6	0.012	1	0.00306748	0	0	3	0.0157895	0	0	2	0.00970874	6	0.006	494	6	0	0.994	0.006	HWE_FALSE
