CHROM	POS	End_Pos	REF	ALT	SVLEN	SVTYPE	Control_support	Genotype	Alt_Reads	Ref_Reads	Total_Reads	Allele_Freq_ALL_Control	Genes	OMIM_phenotype	OMIM_MOI	GENCC_phenotype	GENCC_support	GENCC_MOI	HPO_terms	pLI	UTR	CDS	ORegAnno	TRE	Centromeric	Pericentromeric	Telomeric	Segdup	Repeat	Gap	Homopolymer	HiConf	Pop_Count_AFR	Pop_Freq_AFR	Pop_Count_AMR	Pop_Freq_AMR	Pop_Count_EAS	Pop_Freq_EAS	Pop_Count_EUR	Pop_Freq_EUR	Pop_Count_SAS	Pop_Freq_SAS	Pop_Count_ALL	Pop_Freq_ALL	Allele_Count_AFR	Allele_Freq_AFR	Allele_Count_AMR	Allele_Freq_AMR	Allele_Count_EAS	Allele_Freq_EAS	Allele_Count_EUR	Allele_Freq_EUR	Allele_Count_SAS	Allele_Freq_SAS	Allele_Count_ALL	Allele_Freq_ALL	GT_homWT	GT_het	GT_homVAR	p	q	HWE
chr22	10640986	10641145	taaatgatgagatgaaatgatgaaatgctgaggtgagatgagatgaaatgaggagatgaaacgatgagatgaaatgaaaggacgagatgaaatgatgagatgaggtgagatgaggtgagatgagatgaaatgagatgaaatgatgaaatgagatgagaag	t	-159	DEL	query_only	0/1	24	19	43	0	.	.	.	.	.	.	.	.	.	.	.	vamos	.	pericentromeric	.	segdups	repeat	.	.	.	0	0	0	0	0	0	0	0	0	0	0	0	0	0	0	0	0	0	0	0	0	0	0	0	500	0	0	1	0	HWE_FALSE
chr22	11927177	11927178	g	gTGGCCCCAACAGCCACGCACCAGCCTGTACATTACCTCTCCATACTGCAGCCCTTTATATGGAAACTTCCTACATCACTTTGCTGTGTGTGTTTCCACATGTGGGTTTTGCTGTACTTGCCCTGACAGCACAGGGGAGTGCAGGACACACCCCAACCCACACCAACTGCCATTGAAGACAGAGCCTTGGTGGGCACAGAACCAAGAACCCCACCCCTGCCAGCACCTAACCCTCTGGCCAGCAGCCCACCCTGAACCAACACTACCTCCAGTGCAACACACACACAGCAGGGGACCCCTGACCCACACCCCAGCTGTCTTATTCTGCCACAGTTGACACACTTTGGTCCCCTCAGTGCAGTGAACACAAACCTCCAAGAGCCAGAGAACAAAGTTGGGGCCCAAGACAAGTTCCCCAGAGTTAAAGCACACAGTCCAGGAATTGGGAGCTGCACATTGGCCCCCCTAAAATCCTCCAAAAACAAAGCCAGTTGGTTGAATCCACCTTATCCCACAATGAAACCCTCAAGATCATCAAATACAATAAAAGAAAAATACCCTGTCCAAAGGTCAGCAACCTCAAAGATGGAAAGTGGATAAGCCCATAAAGATGAGAAAGAATCTGTGCGAGAACACTGAAAACTCAAAAAGTCAGCATGCCTTCTTTCCTCCAAATGACTGTATCAACTCTCCAGCAAGTGTTCAGAACTGGGCTGAGGCTGAGATGTCTGGAATGATACAAGCAGGGTTCAGGATATGCGTAGGAACAAAGTTCACTGAGTGAAAGAAGTATGTTGTCATGCAATACAAGTGAGCTAAAAATCATTGTAAAACATTGTAGGAGCTAACAGACAAAATAGCAAGTATAAAGAAGACATAACCGACCTAATAGAGCTGAAAAGCACACTACAAGAATTTTCATAATGTAGTCACATAGTGATTATGTGTGATTGCATTATGAAAATT	965	INS	HG01125.XX.CLM.AMR_HG01305.XY.PUR.AMR_HG00112.XY.GBR.EUR_HG00232.XX.GBR.EUR	1/1	2	0	2	0.006	.	.	.	.	.	.	.	.	.	.	.	.	.	pericentromeric	.	segdups	repeat	.	.	.	0	0	2	0.0298507	0	0	2	0.0277778	0	0	4	0.008	0	0	3	0.0223881	0	0	3	0.0208333	0	0	6	0.006	496	2	2	0.994	0.006	HWE_FALSE
chr22	12426774	12426934	aaacagctttgtgatgtatgcattcatctcaaagaagtaaacgtttcttttctctgatctgtctggaaactgttcttgtagattctgcaaagggatatttgtgagtgctttgaggcctatggtgaaaaacgaaatatcttcacataaaaattagagagagg	a	-160	DEL	GM18879.XY.YRI.AFR_HG03027.XY.GWD.AFR_HG03371.XY.ESN.AFR_HG03499.XX.ESN.AFR_HG02301.XX.PEL.AMR_HG04001.XX.ITU.SAS	0/1	9	28	37	0.006	.	.	.	.	.	.	.	.	.	.	.	.	.	pericentromeric	.	.	repeat	.	.	.	4	0.0245399	1	0.0149254	0	0	0	0	1	0.00970874	6	0.012	4	0.0122699	1	0.00746269	0	0	0	0	1	0.00485437	6	0.006	494	6	0	0.994	0.006	HWE_FALSE
chr22	13712259	13712601	ttgaagatgtcgttggaaacgggaatatcttcatatcaaatctagacggaagcattctcagaaacgtctttgtgatgtttgcattcaactcatagagttgaacattcccttccagagagtagctttgaagcactcattttgtagcatgtgcaagtggacatttggagcgccctgaggcctacggggaaaaagcaaatatcttcccataaccactagacagaaacattctcagaaactcctttatgacgtatgcactcacctaacagagaagaaccttccttttgacagagcagttttgatacactctttttgtagaatctgcaagtggatatttggataggtg	t	-342	DEL	query_only	1/1	2	0	2	0	.	.	.	.	.	.	.	.	.	.	.	.	centromeric	.	.	.	repeat	.	.	.	0	0	0	0	0	0	0	0	0	0	0	0	0	0	0	0	0	0	0	0	0	0	0	0	500	0	0	1	0	HWE_FALSE
chr22	35359863	35359864	T	TCACAGCACAGGATGACACTGGTCCCTGAGCTCTTGGCATGAACAGAATGTGTGTGGGGAGCCTGTGACCTGCAAATCATC	80	INS	HG01164.XY.PUR.AMR_HG00121.XX.GBR.EUR_HG04171.XX.BEB.SAS	0/1	18	11	29	0.003	.	.	.	.	.	.	.	.	.	.	HMOX1_ESR1_TF_bs	vamos	.	.	.	.	.	.	.	hiconf	0	0	1	0.0149254	0	0	1	0.0138889	1	0.00970874	3	0.006	0	0	1	0.00746269	0	0	1	0.00694444	1	0.00485437	3	0.003	497	3	0	0.997	0.003	HWE_FALSE
chr22	43495613	43495663	AGTAGTGGTGGAGATGGTGGTGGTGGAGGTGATGGTGGAGGTAGTGGTGGT	A	-50	DEL	HG03351.XX.ESN.AFR	0/1	18	36	54	0.001	MPPED1	.	.	.	.	.	.	4.56E-02	.	.	.	vamos	.	.	.	.	.	.	.	hiconf	1	0.00613497	0	0	0	0	0	0	0	0	1	0.002	1	0.00306748	0	0	0	0	0	0	0	0	1	0.001	499	1	0	0.999	0.001	HWE_FALSE
chr22	43496666	43496667	A	ATGGTGGAGGTAGTGGTGGTGGAGGTGGTGGTGGTGGAGATGGTGGTGGTGGAGATGGTGGGAGGTGATGGTGGAGGTAGTGGTGGTGGAGGTGGTGGTGGTGGAGGTGATGGTGGA	116	INS	HG00553.XY.PUR.AMR_HG01402.XY.PUR.AMR_HG02409.XY.CDX.EAS_HG04161.XY.BEB.SAS_HG04216.XX.ITU.SAS	0/1	15	47	62	0.005	MPPED1	.	.	.	.	.	.	4.56E-02	.	.	.	vamos	.	.	.	.	.	.	.	hiconf	0	0	2	0.0298507	1	0.0105263	0	0	2	0.0194175	5	0.01	0	0	2	0.0149254	1	0.00526316	0	0	2	0.00970874	5	0.005	495	5	0	0.995	0.005	HWE_FALSE
chr22	46635158	46635526	TGGCCACTCCTGTCCTGGGGAACCGTGTCCTCCCTGCCCCCGCCCCCGGCCACTCCTGTCCTGGGGGACCGTGTCCTCCCTGCCCCCACCCCTGGCCACTCCTGTCCTGGGGGACCGTGTCCTCCCTGCCCCCGCCCCCGGCCACTCCTGTCCTGGGGGACCGTGTCCTCCCTGCCCCCACCCCTGGCCACTCCTGTCCTGGGAGACCGTGTCATCCCTGCCCCCGCCCCCGGCCACTCCTGTCCTGGGGGACCGTGTCTTCCCTGCCCCCGCCCCCGGCCACTCCTGTCCTGGGAGGCCGTGTCCTCCCTGCCCCCACCCCTGGCCACTCCTGTCCTGGGAGGCCCTATCCTCCCTGCCCCCGCCCCC	T	-368	DEL	HG03646.XY.STU.SAS_HG03685.XY.STU.SAS_HG03698.XX.STU.SAS_HG03744.XY.STU.SAS	0/1	18	14	32	0.004	GRAMD4	.	.	.	.	.	.	9.98E-01	.	.	.	vamos	.	.	telomeric	.	.	.	.	hiconf	0	0	0	0	0	0	0	0	4	0.038835	4	0.008	0	0	0	0	0	0	0	0	4	0.0194175	4	0.004	496	4	0	0.996	0.004	HWE_FALSE
chr22	49748771	49748772	C	CCAGCCCCAGAGGAAGGAGGAAACTGACAGGTCCAGGACCTTGGGCTCAGCCT	52	INS	HG01251.XX.CLM.AMR_HG02230.XX.IBS.EUR	0/1	14	22	36	0.002	.	.	.	.	.	.	.	.	.	.	.	.	.	.	telomeric	.	.	.	.	hiconf	0	0	1	0.0149254	0	0	1	0.0138889	0	0	2	0.004	0	0	1	0.00746269	0	0	1	0.00694444	0	0	2	0.002	498	2	0	0.998	0.002	HWE_FALSE
