CHROM	POS	End_Pos	REF	ALT	SVLEN	SVTYPE	Cohort_support	Control_support	Pop_Count_Cohort	Pop_Freq_Cohort	Allele_Count_Cohort	Allele_Freq_Cohort	GT_coh_homWT	GT_coh_het	GT_coh_homVAR	Allele_Freq_ALL	Genes	OMIM_phenotype	OMIM_MOI	GENCC_phenotype	GENCC_support	GENCC_MOI	HPO_terms	pLI	UTR	CDS	ORegAnno	Vamos	Centromeric	Pericentromeric	Telomeric	Segdup	Repeat	Gap	Homopolymer	HiConf	Pop_Count_AFR	Pop_Freq_AFR	Pop_Count_AMR	Pop_Freq_AMR	Pop_Count_EAS	Pop_Freq_EAS	Pop_Count_EUR	Pop_Freq_EUR	Pop_Count_SAS	Pop_Freq_SAS	Pop_Count_ALL	Pop_Freq_ALL	Allele_Count_AFR	Allele_Freq_AFR	Allele_Count_AMR	Allele_Freq_AMR	Allele_Count_EAS	Allele_Freq_EAS	Allele_Count_EUR	Allele_Freq_EUR	Allele_Count_SAS	Allele_Freq_SAS	Allele_Count_ALL	Allele_Freq_ALL	GT_homWT	GT_het	GT_homVAR	p	q	HWE
chr22	10740324	10744728	CAGGTGTTTTTTAAATCACTATCTTGTCACTTTTGATTATGATATACTGATCACTCTATTTGTATCTTGAATGAAAAGATCGCTTTGTGATTTTACCAATGATATGTAAACTAGAACTTGAGAACCACTGGATACAGAAGTACTGCTGATCTTTAGATACTTTCTGTCTAAAAATGAAGCCCCTGTCTCCAAATTTCAGGAACAGGGAGGTAAGGTTCCATGAAGTGTTTACTTTCCACCCTTAATTTATTACCTTAATACTTCAGCTTGAGAATTATGTGTTCTGTATATATCACGCTGCTTGTCAATATCCACACGTAAACCTTCTTGTTTTGACAATTAATCTGAAAAAGTCCCCATATAGTCTAAGAGGGGGAAAACCTAATTTGGAAGAATATAATAAATGTCAGTTTCCATCACAGAATATATGCTTCTCAAGTTCAATTAACCTCTCAATGATTCCCTTTCTAAGAGGAAAGTAATTCTCCTTAGTGTCCTTGTCATCCATGGAGTGGAAATCTTTATACTGGCAAGATTAGTAATCACTTGCATGACCCCCAAAATGGCTCTTCCTTCCATTTCCCTCAAGTACTGTCTGGAGCAGCGGTTGGAATAATAGAGGGGCCATAATCTCCAGACCTGAGTACCAAATCAATCCTGCAGCCCCCACACCCTTAATGCCCCTGCACTTTCTTGCTTATCCTTTTTCTCTCCTCTCCATTTTTCTTTCCTCCTCCCGGTGTTCCGGAACCTATGACACTCTCCTGGTTGTTTGAATTTTTACAACCTACCAGATAATAATCCCTTGTGATCCTCAAAGCTTCCTTAAAGCAAACCCTGCATCACTGTGTTTTAAAACCAGTATGAAAGACTATTGTGTGAGATAATGTTACATGGTTTCACAGCCCTACAAAGTTTGGCCACAAAACGTGTGGGCAGATTCCGTAACTCAACCGGAAACGCGAAGGACTGAAACAAATCAACACACACAAAACGAAGCCAGCGACAAAGATCCAACCAGGGCCCCCTGCCTGAAATGGGACACGGGGATGATGGCAAAGCCGTGCTCTTGGCTCTCGCGATTCAGGAGGCGCTCCTGGCTCACTGGGGACGACAGCGACGACGGCAGCGGCTCGCATTGCTCCATGCTTCCCGTCAGGGGGGTTCGAGGGACCACCCCAGGCCCGGCCCATGCCCGGGCTCCGAGGGAGCCCCGGGTGCGAGGGCTGCCCGCAGGGTTCCATCCTCCCGCTGAGGCGTGGCTCCCGGAGCAGGAGGCGTGGAGGCGGCCCTCGGCATTTCGGAGTCGGGGCGGGGAACGTCCACGGCCAACTGCGGGCAGGGGACCCCCAGGCGGCTACAACAGGTGCGCCGGGGCCGCACACCCGGCTCGGGGCGCGCTCGCCCCTGCGCCGACCCCCGACCCCTTCCGCCGCGGGGGCCCAGCTGTTACCTGCAGCGGCGCCTCCCGAGTCCCGGGAGGGCGGCCCAGGGCCGGCGCCTTACCCGCGGGCAGGCCCACTCGCCCGACGGACGCCGCGGGTCGGCGACGTCGGGGCACAGGTCCTGCCAGGCCGCGGGGGCCGCCAGGGAGGGCGCGACCGCCTGACCGGGCTTCAGGGGCAGTGTCCTCAGCCGGTGACCTGGCCGCTACCCTCGCTCAGTGTCCCAGGCGACGCGCGGATCCTCACGCGCTTCCTCACTTCCTGCGGCTTTTGGTCCCTCCCGCTTGCAGTCCCTCTGGTTCTGCCCACTCCGCCTCCCGGTTGTCAGGGCAACCGTAGCGACGCCGGACCTGGCTGAGAGGCGTTAGGAGCCCCGGCGTTCGCCCGCGGAGGCCGGGGAGCAGCCGACCATGGAGCCCCAGAGTAAGGGAGGCCCAggctggagctgggaccggggcaggtgaccgggctggggctCCCCGGGAACGAGTGTGGGCGCCCCGCGCGGGACTCCGCAGGTTTCAACGCTCGGACACGGAAATACGGTTTGCGTCTCCTAGCACTTTTCTCTCTTGGAGAGGGGAGAAGGGGGCTACATCCTGCCAAGTCTGTATGGTTGGGCCGTTGGCGCCCGAAAGTCCGCGCTGGGGGCCGGGAGCGACTGGAGAGCCCCGAGCTATGGGTGGGGGAGGGCTCAGCGACCCCAGCTTTCACCTTCCTGAAACTTCGCCCAGACAGTTCCATTTACTCCTCCTCCTACTCATGATTTTAGTTTGGTAGTTTGGTTCATTAATTGTAAGTAGCCCATTTTTCTTCTAAAATGTCAGCAATTAAACACGTCCTAGACTGGGTCTTGTGTTTATTAGGGACCCCGTCTTACTCCCCGTCCCCCGCCCCACACCCCTAGTCTGCGACTTGAAGGAGAGAGAGAAAAAAAGAACTTTGTCCAAGTGTATTTGATTCATTCTTAGGGGTTCTACAAGTTAGGACACTCAAAAAAATGTTTGTGAGCTCTTTTTCTGTTTTCCCATGTTGCTTTCGATGTATGGCAAACGTTGTGCAGTTTTGAGTTATCAGATCTAACACGAGCTCTAACTTACTATTTTTGTTGTTGTTTTTACCTTTCCAGGGACTTTGTTTCAAGACCTTTCTTTCTCTTCCCCGCCTAGGTTGTCTTATTGTTCCTTTTGTTCTCAAAATAAGGGGAGTGTTTTGTATGGAGACTTAAAATATCTAAAACCTTCATAGAAGGATGCAGTTTGACTCTCAAACCAAGAGGTCTTATCTTGTACAATTTCAGAAATGAAGAACTCAGACCAAATCTATTCTCTGGGGAAAATGCTGGCATTTTTAAAGGTCATTCGTTTTCCACCAAGAAAGTTTCAAATACTTTTCCTTTTAACTCATTTGCTGAGGAGAAAGCTTGCAAGTTGTGACTTATAGTTGCTTGATAGATTTTGTACAGTATTTGTCATTTGCATTTACAGCTCTTTGGATTCTACATTTTTTTAACCTAGTAAAAGAAATTTAGCATGAGACAAGGGTAAAATTTTTGTTTTATGTCAAACTGATGGCAGGCTGTGTGTATTCCCACCTTAGAGAAGTGAGTTGAAATGTATCTTTTAAAAACAACAACTTggccaggcccggtggctcacgcctgtaatcccagcactttgggaggatgaggcaggcagatcacaaggtcaggagattgagaccatcttggccaatacagtgaaacccatctctactaaaatacaaaaagaaagaaagaaagaaagaaagaaagaaagccaggcattgtggcgcgtgcctggagtcctagctacttgggacgctgaggctgaggcagggaaatcgcttgaacctgggaggcggaggttgcagtgaggccagattgcaccactgcactccagcctggtgacagagcgagactccatctcgaaaaaacaaacagaaaaaaaCTTTATTTCTTCAGATTTATGTTACTGTTTACATGTGTAAACTATAATTTCAAGTTCTTCAGTGCTGTCtttatccattcattcatttatagtgcctgttatgttgcagctctgttctaggtattggggattgaacaacggatcagacagtgttagttttggtcatcccaggaaaattaagcagaggcttgctcaagaactactgacgtcttggtggggttcggagattgggggaagaggagatggacaaaggctcccaagaggaagtagtactgggtctgcagaatgacccaacaaagaatgagggcaagggattccaggcagtgggaattactggtacataggccctgagacctgagagcagcgtgggtttgagtctcacagtaggaagattagtaaggctgtagctaaggagaggaggaggaaaaaacagggttggtaggagggaggagaagttagataaggctggaaaagtcaaccggagccagatcagaaaggttctgtaaccatgtgagaaATGTATTACATATGTGAACTATACATTTATATCTCATGTCATTGGATTTTTGAGGTGGAAAATATTTAATTTATACCTGAGGAATGACTGTAAATTTCTTTCTTTCCACATATTCTTAAATGATCTCATCAATTTAATTTTAAATAATTCAATCACCATTTAGCTCAAGttttgttttttttttttttttttgagacagggtcttgttctgtcacccaggctggagtatagtggtgcgatcatagctcactacacccttgaacccttgggctcaagcaatcctctcagctgagcctcctgagtagatgtgactacaggtgtgtgccaccatacccagctaatttatttatttatttagagacagagtttcgctcttgttgcccaagctggagtgcaatggtgtgatcttggctcactgcaacctccgcctcccaggttcaagcaattctcctgcgtcagcctcccaagtagctggg	C	-4404	DEL	48:SAMPLE	query_only	1	0.0175439	1	0.00877193	168	3	0	0	.	.	.	.	.	.	.	.	.	.	.	vamos	.	pericentromeric	.	segdups	repeat	.	.	.	0	0	0	0	0	0	0	0	0	0	0	0	0	0	0	0	0	0	0	0	0	0	0	0	500	0	0	1	0	HWE_FALSE
chr22	10744763	10746352	tgtatttttagtagagatggggtttctccatgttggttcggcgggtcttgaactcctaacttcaggtgatcctcctgccctggcctcccagaatgctggattacaggtgagagccactgtgcccagcccctaattttttttttagttttatttactttgaatggagataaagtctgattttgttgcccaatttgttctcgaacacctggcctcaaatgatcctcctgcctcgtcctcccaaagtgctaagattacaggtgtgagccagcacacccagccTGGAAATTATTTTACAGTCTAAGAAACATAATTTGGATAAATATTTACTACCAAATGAGTTATTAAATATTTAAAAGGACAAGATTAAATGGTCTTTGAGGTTTCTTTTAACTTGGAGATTTGTATCCAACCAGATTTCACCTGAGACTGAAGTTATTTCCTACCGTCAGCGATAATGGAAGCACTACAGTTGTGGCATTCAAGTTTTACAGTGAATTACAATTATACTGTCAGCAATATTATGTTAACAGCACATTGTTTATGGCAATATTATCTAACATATTTTAAGCCCTGTTCCTTTTGTTACTGAGAGGTCTAAAATAACGTTTTACAAGTATAGTTGAATATAGCATCAGTAAATTGGTTATGAGGAAGACTCCTTCATAATTGCTTTTAAGGATTAAACATGTATCTAAGGACAACACCAAGGAACTACTAGAAATAACCCTCGAGTCAGTCTTTTCCGTTCTGTTTCCACACCCTTAGTTTTCTATTATTTTTAGGAATGACCTTTGTTAACTAAGTCATTAAAATCCAATAAACATAAACTCTTCAGACCCCACTGCTGGATCATACTCTTGGCAGCAAGCAGAGGAAGGCAGGGGCTACCACTGTTTTACAGAATAATAGTAAGTCAATGATCCAAGAAATGACTTCCCAGGGAAAGGGCAAATTAAATACGTTCACAACTTTGGGCTGTTGAGAGTGGTTTTGGCTCTTGGCTTGCACTTTGACGTTTTTAATTCTTTTCTTGCTAAACCAACTTCAGTATTGGAAAGATAGCTCATGTATAAAATAACATGGAAAATGTACATCACATCCCAtttgttttgggtttttgtctttttttttctttttttGGAAAATAGTTCAATAGTACTATCTCTTCCTTAATTTCTTAATGAGTGTCAATACCAAGGGGCAGCTTTGGGGATCTTTAGCCCAAATctaagcaaaaatataatctgagtaaaaactgtgtatatttatcaaatgcaacatcaagacaagccccccaactcccacttGGTGCTGCCTGTTCTGTAAGCTCTTGCtatatatatatatatatatatatatTAAAAATCTGGGGTTAGTTTAGGCCCAGCAGGTAGCAGTTTTCTGCTACACATGTTTCTTTCTGtttttgtttgtttgttttttgttttttgagacagagtcttgctctgttacccaggctgcagtgtagtgacactagcttggctcactgcaacctccgcctcccaggttccagcaattctcctgtctcagcctcccaagtagctgggattacaggtgcacgccatcacg	t	-1589	DEL	48:SAMPLE	query_only	1	0.0175439	1	0.00877193	168	3	0	0	.	.	.	.	.	.	.	.	.	.	.	vamos	.	pericentromeric	.	segdups	repeat	.	.	.	0	0	0	0	0	0	0	0	0	0	0	0	0	0	0	0	0	0	0	0	0	0	0	0	500	0	0	1	0	HWE_FALSE
chr22	10761933	10761934	t	tCTATATATATAGAGAGAGAGAGAACTATATAGCTCTCTATATATATATAG	50	INS	8:SAMPLE_41:SAMPLE_48:SAMPLE	HG03298.XY.ESN.AFR_HG00704.XY.CHS.EAS_HG01857.XX.KHV.EAS_HG01334.XY.GBR.EUR_HG02232.XX.IBS.EUR	3	0.0526316	3	0.0263158	162	9	0	0.005	.	.	.	.	.	.	.	.	.	.	.	.	.	pericentromeric	.	segdups	repeat	.	.	.	1	0.00613497	0	0	2	0.0210526	2	0.0277778	0	0	5	0.01	1	0.00306748	0	0	2	0.0105263	2	0.0138889	0	0	5	0.005	495	5	0	0.995	0.005	HWE_FALSE
chr22	11022033	11022569	atatgtatttatctattgaatctataatctatgtatcaattgtatatctacctatcatctatccctgtagctatctatcgacttacctatctacctatctatccatctaatgtattatgtaatctatgtatttatctattgaatctataatctatgtatcaattatctatctacctatcatctatccctgtagctatctctctatccagctatctatctatacatctatctatccatccatctaatgtattatctatctatgtatttatctattgaatctataacctatgtatcaactatctacctatcatctatctgtctggctagctagctgtctatctacctatcatctctctactatctatcatctactatatatccatcatctatcatccatccatctatgcatccatccatctatccatctatatatgtatttatctattgaatctataacgtatgtatcaattatctacctatcatctatccctgtagctatcaacttacctatctacctatctaatgtattatctaatc	a	-536	DEL	7:SAMPLE	HG00556.XY.CHS.EAS_HG00142.XY.GBR.EUR_HG03814.XX.BEB.SAS_HG03815.XY.BEB.SAS_HG03851.XY.STU.SAS	1	0.0175439	1	0.00877193	168	3	0	0.005	.	.	.	.	.	.	.	.	.	.	.	.	.	pericentromeric	.	segdups	repeat	.	.	.	0	0	0	0	1	0.0105263	1	0.0138889	3	0.0291262	5	0.01	0	0	0	0	1	0.00526316	1	0.00694444	3	0.0145631	5	0.005	495	5	0	0.995	0.005	HWE_FALSE
chr22	11037520	11037572	TCCACCAGAAGCTCCAGCATGATCCACCCACCAGAAGCTCCAGCATGATCCAC	T	-52	DEL	query_only	GM18501.XY.YRI.AFR_GM18856.XY.YRI.AFR_HG03027.XY.GWD.AFR_HG03774.XX.ITU.SAS	0	0	0	0	171	0	0	0.004	.	.	.	.	.	.	.	.	.	.	.	vamos	.	pericentromeric	.	segdups	.	.	.	.	3	0.0184049	0	0	0	0	0	0	1	0.00970874	4	0.008	3	0.00920245	0	0	0	0	0	0	1	0.00485437	4	0.004	496	4	0	0.996	0.004	HWE_FALSE
chr22	11267829	11267830	g	gAGAGAGAGAAACAGACAGGGAGGGAGTGAGAGAGAGACAGACGGGGAGAGAAAGAGAGTAAGATAGAAGACAGACACAGTGAGACAGGCAGAGAGGGAGAGAGAGGGACAAAGACAGAGACAGAAAGAAAGAAAGAGACAGACAGACAGACAGACAGACAGAGAAAGAGACACAGAGAGAAAGACAGAGACGAACAGAGAGAAACAGACAGAGTATGTATGTATGTATGTATGTATGTATGTATGTATGTATGTGTGTA	259	INS	35:SAMPLE	query_only	1	0.0175439	1	0.00877193	168	3	0	0	.	.	.	.	.	.	.	.	.	.	.	vamos	.	pericentromeric	.	segdups	repeat	.	.	.	0	0	0	0	0	0	0	0	0	0	0	0	0	0	0	0	0	0	0	0	0	0	0	0	500	0	0	1	0	HWE_FALSE
chr22	11296543	11296544	t	tAATACAACATCTTATTATTATTATTATTTTAATTTTTAGTAGAGACAGGGTTTCTTTTTTTTTAATCTTCCCCCCTCTTGAATTTTATTCTTTTATTTTTATTTTTTTTTTAGTATTTATTGATCATTCTTGGGTGTTTCTTCCAGAGGGGGATTTGGCAGGGTCACAGGACAATATTGGAGGGAAGGTCAGCAGATAAACAAGTGAACAAGGGTCTCTGGTTTTCCTAGGCAGAGGACCCTGTGGCCTTCCACAGTGTTTGTGTCCCTGGGTACTTCAGATTAGGGAGTGGTGATGACTCTTAATGAGCATGCTGCCTTCAAGCATCTGTTTAACAAAACACGTCTTGCACCGCCTTTAATCCATTTAACCCTGAGTGGACACAGCACATGTTTCAGAGAGCATGGGATTGGGGATAAGGTTATAGATTAACAGCATCCCAAGGCAGAAGAATTTTTCTTAGTACAGAACAAAATGGAGTCTCCTATGTCTACTTCCCTCTACACAGACACAGCAACAATCCGACCTCTCCATCCCCTCCCCACAGTTCCCTCCACTCTACTCAACAAAACCGCCATCGTCATCATGGCCCGCTCTCAATGAGCTATTGGGTACAGGTGGCCGGGCAGAGGGGCTCCTCACTTCCTAGAAGGGGTGGCTGGGCAGAGGCGCCCCCCACCTCCTGGACGGGGCAGCGGCCGGCCGGGTGGGGGCTGTCCCCCCACTCCCGGACGGGGCAGCTGGCCGGGTGGGGGCTGCACCCCCACCTCCCTCCCAGACGGGGTAGCTGGCCGGGCAGGGGCTGCCCCCCACCTCCCACCCGGACTGGGCGGCTGGCCAGGCGGGGGCTGCCCCCCACCTCCCGGATGGGGCAGCTGCCGGGTGGAGACGCTCCTCTCCTCCCAGATGGGGCAGCTGCCAGGCAGACGGGCTCCTCACTTCCCAGAGGGGGGCAGCTGCTGGGCGGAGGGGCTCCTCACTTCTCAGATGGAGCGGCTGCTGGGTGGAGGGGCTCCTCACTTCTCAGACGGGGTGGCCGGGCAGAGACGATCCTCACCTCCCAGACGGGGTCACGGCCAGACAGAGGCACTCCTCACATCCCAGATGGGGTGGTGGGGCAGAGGCGTTCCCCACATCCCAGACGATGGGCGGCTGGGCAGAGAGCTCCTCACTTCCTAGACAGGATGGCAGCCGGGAAGAGGCGCTCCTCACTTCCCAGACTGGTCAGCCAGGCGGAGGGTCTCCTCACATCCCAGACGATGGGCGGCCAGGCAGAGACACTCCTCACTTCCCAGACAGGGTGGTGGCTGGGCAGAGGCTGCAATCTTGGCACTTTGGAAGGCCAAGGCAGGTAGCTGGGAGGTGGAGGTTGTAGTGAGCTGGGATCACGCCACTGCACTCCAGCCTGGGCAAAATTGAGCACTGAGTGAACGAGACTCCGTCTGCAATCCCGGCACATAGGAGGCCGAGGCTGGCAGATCACTCACGATATAGGAGCTGGAGACCAGCCTGGCCAACACAGCAAAACCCCGTCTCCACCAAAAAAATACGAAAACCAGTCAGGTGTGGCAGCGCGCGCCTGCAATCCCAGGCACTGGGCAGGCTGAGGCAGGAGAATCAGGCAGGGAGGTTGCAGTGAGCCGAGATGGTGGCAGTACAGTCCAGCTTTGGCTCGGCATCGAGGGAGACCGTGGAAAGAGAGGGAGAAGGAGACCATGGGGAGAGGGAGAGGGAGACCGTGGGGAGAGGGAGAGGGAGAGGGAGAGGGAGAGAGC	1775	INS	6:SAMPLE_19:SAMPLE_22:SAMPLE_29:SAMPLE_38:SAMPLE_50:SAMPLE	GM19429.XY.LWK.AFR_HG02763.XX.GWD.AFR_HG03212.XX.MSL.AFR_HG03433.XY.MSL.AFR_HG01260.XX.CLM.AMR_HG01029.XX.CDX.EAS_HG00119.XY.GBR.EUR_HG00171.XX.FIN.EUR_HG01334.XY.GBR.EUR	6	0.105263	6	0.0526316	153	18	0	0.009	.	.	.	.	.	.	.	.	.	.	.	.	.	pericentromeric	.	segdups	repeat	.	.	.	4	0.0245399	1	0.0149254	1	0.0105263	3	0.0416667	0	0	9	0.018	4	0.0122699	1	0.00746269	1	0.00526316	3	0.0208333	0	0	9	0.009	491	9	0	0.991	0.009	HWE_FALSE
chr22	11370225	11370226	t	tGGAGCAGTTTTGAAACACTCTTTGTAGAATCTGCAAGTGGATATTTGGAGCCCTTTGAGGCCTGTTGTGGAAAAGGAAATATCTTCCCATGAAAACTACATAGAAGTATTCTGAGAAACTTCTTTGCAATGTGTGCATTCAACTCACAGAGTTGAACCTATCTTTTGATTGAGGATTTTTGAATCTTTCTTTTTGCAGAATCTGCAAGTGTATGTTTATAGCTTTGTGGCCTATTGTGGAAAAGGAAATGTCTTCACATAAAAACTACACATAAATATTCTGGGAAAGTTCTTTGTGATGTGTGCATTCATGTCATAGAGTTGAAACTTTCTTTTGATGGAGCAGTTTTGAAACACTCTTTTTGTACAATCTGCTAGTGGATAATTGGAGCCCTTTGAGGACTATTGTGGAAAAGGAAATATCTTCAAATAAAAACTACACAGAAGCATTCTGATAAACTTCTTTCTGATGTGTGCATTCAACTCACAGAGTTGAACCTATATTTTGATTGAGCAGTTTAGAAATGCTCTTTTTGCAGAATCTGCAAGTGGATGTTTGGAGAGCTTTGAAGCCTATTATGGAAAAGCAAATATCTTCACATAAAAACTACACAGAAGCATTCTGAGAAACTTCTCTGTGAGGTGTGCACTCAACCCACAGAGTTTAACTTATTTTCTCATTGAGCAGTTTTGAATCTCTCTTTTTATAAAATCTGCAGGTAGATATTTGGAGCTCTTTGAGCCCCATGGTGGAAAAGGAAATATCTTCAAATAAAAACTACACAGAAGCATTCATAGAAATTTCTTTGTGATGTATGCATTCAACTCACAGAGTTGAAACTATCTTATTATTGAGCAGTTTTAATCTCTCTTTTTGCAGAATCTGCAAGTGGATATTTGGAACGCTTTGAGGCCTACTGTGGAAAAGCAAATAACTTCAGATAAAAACTACACAAAGCTTTCTGAGAAACTTTTTTGCGATGTGTGCATTCAACTCACAGAGTTGAAACTTTCTTTTGATTGAGCAGATTTGAAACACTCTTTTTGTAGAATCTTCATGGATTGATATTTGGAGCCCTTTGAGGCCTATTGTGGAAAAGGAAATATCTTCACGTAAAAACTACATAAGAACCATTCTGAGATACTTCTTTTTGATGTTTGCATTCATCTCACAGTGTTGAAAGTTTCTTTTGATTGAGCAGTTTTGAAACACTCTTTTTGTAGAATCTGCAAGTGAATAATTGGAGCCCTTTGAGGGCTATGGTAGAAAAGGAAATATCTTCAAATAAGAACTACAAAGAAACATTCTCAGAAACTTATTTGTGATGTGTGCATTCAACTCACAGAGTTGAACATATCTTTTGATTTAGCAGTTTTGAATTTCTCTTTTGGCAGAATCTGCAAGGGGATGTTTGGAGAGCTTTCAGGCATATTGTGGAAAGGGAAATATTTTCACATAAAAACTACACAGAACCATTCTGAGAAACTTCTTTGTGTCGTGTGCATTCAACTCACAGAGTTGAACATATGTCCTCTTTGAGCAGTTTGCGTCTCTCTTTTTGTAGAATGTACAAGTGGACATTTGGAGCCCATTGTGTCCTATGGTGGAAAAGGAAATATCTTCAGATAAAAATTACACAGAAGAATTCTGAGAAACTTCTTTGTGATATGTGCATTTATCTCACAGGTTTGAACCTACCGTTTTATTGAGCAGTTTTGAAACACTGTTTTTGTAGAATCTGCAAGTGGATATTTAGAGGGAATTGAGGCCTACCGTGGAAAAGCATATACCTACAAACAAAAACTAAACAGAAGCATTCTGAGAAACTTCTTAGTGATGTGTGCATTCGTCTCACAGAGTTGAAACTTTCCTTTGATTGAGCAGTTTTGAAACACTCTTTTTGTAGAATCTGCAACTGGATATTTGGAGCCCTTTGAGGAATATTGTGGAAAAGGAAATATCTTCACATAAAAACTACACAGAAGCATTCTGAGAAACTTCTTTATGAGGAGTCCATTCAACCCACAGAGTTAAACTTTTCTTCTCATTGAGCAGTTTTGAATCTCTCTATTTGTAGAATCTGCAAGTGGATATTTGCTGCCCTTTGAGGCATACTGAGGAAAAGCAAATATCTTCATATAAAAACTACACAGAAGCATTCTGAGAAACTTCTTTGGGATGTGTGCATTCAACTCACAGAGTTGAACCTATCTTTTGATTGAGCAGATTTGAATCTCTCTTTTGGCAGAAACTGCAAGTAGATATTTGGAGCCATTTGCGGCCTTTGGTGGAAAAAGAAATATTTTTAAATAAAAACTAAACAGAAACATACTGAGAAACTTCTTTGTGATGTGTGCATTCATCTCACAGGGTTGAAACTATCTTATGATTGAGCAGTTTTGAAACACTCTTTTTGTAGAATCTGCAACTGGATATTTGGAGCCCTTTGAGGCTATTGTGGAAAAGTAAATATCTTCACATAAAAACTATTCAGGAGCATTCTGATAAACTTCTTTGTGATGTATGCATTCAACTCACAGACTTGAACCTATCTTAAGAATGAGCAGTTTTGAATCTCTCTTTTTGCAGAATCTGCAACTGGATATTTTGAGGGCCTTAAGGCCTACCGTGGAAAAGCAATTATCTTCAGATTAAAACTACACAGAAGCATTCAGAGAAACATCTTTGTGATGTTTGCATTCATCTCACAGAGTTAAAACTTTCTCTTGATGGAGCAGTTTTGAAACACTCTTTTTGTAGAATCTGCAAGTGGATATTTGGAGCCCTTTGAGGCCTATTGTGGAAAAGGAAATATCTTCCCATGAAAACTACATAGAAGTATTCTGAGAAACTTCTTTGCAATGTGTGCATTCAACTCACAAGAGTTGAACCTATCTTTTGATTGAGGATTTTTTGAATCTTTCTTTTTGCAGAATCTGCAAGTGTATGTTTGCAAAGCTTTGTGGCCTATTGTGGAAAAGGAAATGTCTTCACATAAAAACTACACATAAATATTCTGGGAAAGTTCTTTGTGGTGCGTGCATTCATGTCATAGAGTTGAAACTTTCTTTTGATGGAGCAGTTTTGAAACACTCTTTTTGTACAATCTGCTAGTGGATAATTGGAGCCCTTTGAGGACTATTGTGGAAAAGGAAATATCTTCAAATAAAAACTACACAGAAGCATTCTGATAAACTTCTTTCTGATGTGTGCATTCAACTCACAGAGTTGAACCTATATTTGATTGAGCAGTTTAGAGCTCTCTTTTTGCAGAATCTGCAAGTGGATGTTTGGAGAGCTTTGAAACCTATTATGGAAAAGCAAATATCTTCACATAAAAACTACACAGAAGCATTCTGAGAAACTTCTCTGTGAGGTGTGCACTCAACCCACAGAGTTTAACTTATTTTCTCATTGAGCAGTTTTGAATCTCTCTTTTTATAAAATCTGCAGGTAGATATTTGGAGCTCTTTGAGCCCCATGGTGGAAAAGGAAATATCTTCAAATAAAAACTACACAGAAGCATTCATAGAAATTTCTTTGTGATGTATGCATTCAACTCACAGAGTTGAAACTATCTTATTATTGAGCAGTTTTTAATCTCTCTTTTGCAGAATCTGCAAGTGGATATTTGGAACGCTTTGAGGCCTACTGTGGAAAAGCAAATAACTTCAGATAAAAGCTACACAAAAGCTTTCTGAGAAACTTTTTTGCGATGTGTGCATTCAACTCACAGAGTTGAAACTTTCTTTTGATTGAGCAGATTTGAAACACTCTTTTTGTAGAAACTGTAAGTTGATATTTGGAGCCCTTTGAGGCCTATTGTGGAAAAGGAAATATCTTCACGTAAAAACTACATAGAACCATTCTGAGATACTTCTTTTTGATGTTTGCATTCATCTCACAGTGTTGAAAGTTTCTTTTGATTGAGCAGTTTTGAAACACTCTTTTTGTAGAATCTGCAAGTGAATAATTGGAGCCCTTTGAGGGCTATGGTAGAAAAGGAAATATCTTCAAATAAGAACTACAAAGAAACATTCTCAGAAACTTATTTGTGATGTGTGCATTCAACTCACAGGGCTGAACATATCTTTTGATTTAGCAGTTTTGAATTTCTCTTTTGGCAGAATCTGCAAGGGATGTTTGGAGAGCTTTCAGGCATATTGTGGAAAGGGAAATATTTTCACATAAAAACTACACAGAACCATTCTGAGAAACTTCTTTGTGTCGTGTGCATTCAACTCACAGAGTTGAACATATGTCCTCTTTGAGCAGTTTTGCGTCTCTCTTTTTGTAGAATGTACAAGTGGACATTTGGAGCCCATTGTGTCCTATGGTGGAAAAGGAAATATCTTCAGATAAAAATTACACAGAAGAATTCTGAGAAACTTCTTTGTGATATGTGCATTTATCTCACAGGTTTGAACCTACCGTTTTATTGAGCAGTTTTGAAACACTGTTTTTGTAGAATCTGCAAGTGGATATTTAGAGGGAATTGAGGCCTACCGTGGAAAAGCATATACCTACAAACAAAAACTAAACAGAAGCATTCTGAGAAACTTCTTAGTGATGTGTGCATTCGTCTCACAGAGTTGAAACTTTCCTTTGATTGAGCAGTTTTGAAACACTCTTTTTGTAGAATCTGCAACTGGATATTTGGAGCCCTTTGAGGAATATTGTGGAAAAGGAAATATCTTCACATAAAAACTACACAGAAGCATTCTGAGAAACTTCTTTATGAGGAGTCCATTCAGCACACAGAGTTAAACTTTTCTTCTCATTGAGCAGTTTTGAATCTCTCTATTTGTAGAATCTGCAAGTGGATATTTGCTGCCCTTTGAGGCATACTGAGGAAAAGCAAATATCTTCATATAAAAACTACACAGAAGCATTCTGAGAAACTTCTTTAGGATGTGTGCATTCAACTCACAGAGTTGAACCTATCTTTTGATTGAGCAGATTTGAATCTCTCTTTTGGCAGAAACTGCAAGTAGATATTTGGAGCCATTGCGGCCTTTGGTGGAAAAAGAAATATTTTTAAATAAAAACTAAACAGAAACATACTGAGAAACTTCTTTGTGATGTGTGCATTCATCTCACAGGGTTGAAACTATCTTATGATTGAGCAGTTTTGAAACACTCTTTTTGTAGAATCTGCAACTGGATATTTGGAGCCCTTTGAGGGCTATTGTGGAAAAGTAAATATCTTCACATAAAAACTATTCAGGAGCATTCTGATAAACTTCTTTGTGATGTATGCATTCAACTCACAGACTTGAACCTATCTTAAGAATGAGCAGTTTTGAATCTCTCTTTTTGCAGAATCTGCAACTGGATATTTTGAGGCCTTAAGGCCTACCGTGGAAAAGCAATTATCTTCAGATTAAAACTACACAGAAGCATTCAGAGAAACATCTTTGTGATGTTTGCATTCATCTCACAGAGTTAAAACTTTCTCTTGATGGAGCAGTTTTGAAACACTCTTTTTGTAGAATCTGCAAGTGGATATTTGGAGCCCTTTGAGGCCTGTTGTGGAAAAGGAAATATCTTCCCATGAAAACTACATAGAAGTATTCTGAGAAACTTCTTTGCAATGTGTGCATTCAACTCACAGAGTTGAACCTATCTTTTGATTGAGGATTTTTTTGAATCTTTCTTTTTGCAGAATCTGCAAGTGTATGTTTGCAAAGCTTTGTGGCCTATTGTGGAAAAGGAAATGTCTTCACATAAAAACTACACATAAATATTCTGGGAAAGTTCTTTGTGGTGCGTGCATTCATGTCATAGAGTTGAAACTTTCTTTTGATGGAGCAGTTTTGAAACACTCTTTTTGTACAATCTGCTAGTGGATAATTGGAGCCCTTTGAGGACTATTGTGGAAAAGGAAATATCTTCAAATAAAAACTACACAGAAGCATTCTGATAAACTTCTTTCTGATGTGTGCATTCAACTCACAGAGTTGAACCTATATTTTGATTGAGCAGTTTAGAGGCTCTCTTTTTGCAGAATCTGCAAGTGGATGTTTGGAGAGCTTTGAAACCTATTATGGAAAAGCAAATATCTTCACATAAAAACTACACAGAAGCATTCTGAGAAACTTCTCTGTGAGGTGTGCACTCAACCCACAGAGTTTAACTTATTTCTCATTGAGCAGTTTTGAATCTCTCTTTTTATAAAATCTGCAGGTAGATATTTGGAGCTCTTTGAGCCCCATGGTGGAAAAGGAAATATCTTCAAATAAAAACTACACAGAAGCATTCATAGAAATTTCTTTGTGATGTATGCATTCAACTCACAGAGTTGAAACTATCTTATTATTGAGCAGTTTTTAATCTCTCTTTTTGCAGAATCTGCAAGTGGATATTTGGAACGCTTTGAGGCCTACTGTGGAAAAGCAAATAACTTCAGATAAAAGCTACACAAAAGCTTTCTGAGAAACTTTTTTGCGATGTGTGCATTCAACTCACAGAGTTGAAACTTTCTTTTGATTGAGCAGATTTGAAACACTCTTTTTGTAGAAACTGTAAGTTGATATTTGGAGCCCTTTGAGGCCTATTGTGGAAAAGGAAATATCTTCACGTAAAAACTACATAGAACCATTCTGAGATACTTCTTTTTGATGTTTGCATTCATCTCACAGTGTTGAAACTTTCTTTTGATTGAGCAGTTTTGAAACACTCTTTTTGTAGAATCTGCAAGTGAATAATTGGAGCCCTTTGAGGGCTATGGTAGAAAAGGAAATATCTTCAAATAAGAACTACAAAGAAACATTCTCAGAAACTTATTTGTGATGTGTGCATTCAACTCACAGGGCTGAACATATCTTTTGATTTAGCAGTTTTGAATTTCTCTTTTGGCAGAATCTGCAAGGGGATGTTTGGAGAGCTTTCAGGCATATTGTGGAAAAGGAAATATTTTCACATAAAAACTACACAGAACCATTCTGAGAAACTTCTTTGTGTCGTGTGCATTCAACTCACAGAGTTGAACATATGTCCTCTTTGAGCAGTTTTGCGTCTCTCTTTTTGTAGAATGTACAAGTGGATATTTGGAGCCCATTGTGTCCTATGGTGGAAAAGGAAATATCTTCAGATAAAAATTACACAGAAGAATTCTGAGAAACTTCTTTGTGATATGTGCATTTATCTCACAGGTTTGAACCTACCGTTTTTATTGAGCAGTTTTGAAACACTGTTTTTGTAGAATCTGCAAGTGGATATTTAGAGGGAATTGAGGCCTACCGTGGAAAAGCATATACCTACAAACAAAAACTAAACAGAAGCATTCTGAGAAACTTCTTAGTGATGTGTGCATTCGTCTCACAGAGTTGAAACTTTCCTTTGATTGAGCAGTTTTGAAACACTCTTTTTGTAGAATCTGCAACTGGATATTTGGAGCCCTTTGAGGAATATTGTGGAAAAGGAAATATCTTCACATAAAAACTACACAGAAGCATTCTGAGAAACTTCTTTATGAGGAGTCCATTCAACCCACAGAGTTAAACTTTTCTTCTCATTGAGCAGTTTTGAATCTCTCTATTTGTAGAATCTGCAAGTGGATATTTGCTGCCCTTTGAGGCATACTGAGGAAAAGCAAATATCTTCATATAAAAACTACACAGAAGCATTCTGAGAAACTTCTTTGGGATGTGTGCATTCAACTCACAGAGTTGAACCTATCTTTTGATTGAGCAGATTTGAATCTCTCTTTTGGCAGAAACTGCAAGTAGATATTTGGAGCCCATTTACGGCCTTTGGTGGAAAAAGAAATATTTTCAAATAAAAAAACTAAACAGAAACATACTGAGAAACTTCTTTGTGATGTGTGCATTCATCTCACAGGGTTGAAACTATCTTATGATTGAGCAGTTTTGAAACACTCTTTTTGTAGAATCTGCAACTGGATATTTGGAGCCCTTTGAGGGCTATTGTGGAAAAAGTAAATATCTTCACATAAAAACTATTCAGGAGCATTCTGATAAACTTCTTTGTGATGTATGCATTCAACTCACAGACTTGAACCTATCTTAGAATGAGCAGTTTTGAATCTCTCTTTTTGCAGAATCTGCAACTGGATATTTTGAGGGCCTTAAGGCCTACCGTGGAAAAGCAATTATCTTCAGATTAAAACTACACAGAAGCATTCAGAGAAACATCTTTGTGATGTTTGCATTCATCTCACAGAGTTAAAACTTTCTCTTGATGGAGCAGTTTTGAAACACTCTTTTTGTAGAATCTGCAAGTGGATATTTGGAGCCCTTTGAGGCCTGTTGTGGAAAAGGAAATATCTTCCCATGAAAACTACATAGAAGTATTCTGAGAAACTTCTTTGCAATGTGTGCATTCAACTCACAGAGTTGAACCTATCTTTTGATTGAGGATTTTTGAATCTTTCTTTTTGCAGAATCTGCAAGTGTATGTTTGCAAAGCTTTGTGGCCTATTGTGGAAAAGGAAATGTCTTCACATAAAAACTACACACAAATATTCTGGGAAAGTTCTTTGTGGTGCGTGCATTCATGTCATAGAGTTGAAACTTTCTTTTGATGGAGCAGTTTTGAAACACTCTTTTTGTACAATCTGCTAGTGGATAATTGGAGCCCTTTGAGGACTATTGTGGAAAAGGAAATATCTTCAAATAAAAACTACACAGAAGCATTCTGATAAACTTCTTTCTGATGTGTGCATTCAACTCACAGAGTTGAACCTATATTTTGATTGAGCAGTTTAGAAGCTCTCTTTTTGCAGAATCTGCAAGTGGATGTTTGGAGAGCTTTGAGGCCTATTATGGAAAAGCAAATATCTTCACATAAAAACTACACAGAAGCATTCTGAGAAACTTCTCTGTGAGGTGTGCACTCAACCCACAGAGTTTAACTTTATTTTCTCATTGAGCAGTTTTGAATCTCTCTTTTTATAAAATCTGCAGGTAGATATTTGGAGCTCTTTGTGACCCCATGGTGGAAAAGGAAATATCTTCAAATAAAAACTACACAGAAGCATTCATAGAAATTTCTTTGTGATGTATGCATTCAACTCACAGAGTTGAAACTATCTTATTATTGAGCAGTTTTTAATCTCTCTTTTGCAGAATCTGCAAGTGGATATTTGGAACGCTTTGAGGCCTACTGTGGAAAAGCAAATAACTTCAGATAAAAGCTACACAAAAGCTTTCTGAGAAACTTTTTTGCGATGTGTGCATTCAACTCACAGAGTTGAAACTTTCTTTTGATTGAGCAGATTTGAAACACTCTTTTTGTAGAAACTGTAAGTTGATATTTGGAGCCCTTTGAGGCCTATTGTGGAAAAGGAAATATCTTCACGTAAAAACTACATAGAACCATTCTGAGATACTTCTTTTGATGTTTGCATTCATCTCACAGTGTTGAAACTTTCTTTTGATTGACAGTTTTGAAACACTCTTTTTGTAGAATCTGCAAGTGAATAATTGGAGCCCTTTGAGGGCTATGGTAGAAAAGGAAATATCTTCAAATAAGAACTACAAAGAAACATTCTCAGAAACTTATTTGTGATGTGTGCATTCAACTCACAGGGCTGAACATATCTTTTGATTTAGCAGTTTTGAATTTCTCTTTTGGCAGAATCTGCAAGGGGATGTTTGGAGAGCTTTCAGGCATATTGTGGAAAGGGAAATATTTTCACATAAAAACTACACAGAACCATTCTGAGAAACTTCTTTGTGTCGTGTGCATTCAACTCACAGAGTTGAACATATGTCCTCTTTGAGCAGTTTTGCGTCTCTCTTTTTGTAGAATGTACAAGTGGATATTTGGAGCCCATTGTGTCCTATGGTGGAAAAGGAAATATCTTCAGATAAAAATTACACAGAAGAATTCTGAGAAACTTCTTTGTGATATGTGCATTTATCTCACAGGTTTGAACCTACCGTTTTATTGAGCAGTTTTGAAACACTGTTTTTGTAGAGTCTGCAAGTGGATATTTAGAGGGAATTGAGGCCTACCGTGGAAAAGCATATACCTACAAACAAAAACTAAACAGAAGCATTCTGAGAAACTTCTTAGTGATGTGTGCATTCGTCTCACAGAGTTGAAACTTTCCTTTGATTGAGCAGTTTTGAAACACTCTTTTTGTAGAATCTGCAACTGGATATTTGGAGCCCTTTGAGGAATATTGTGGAAAAGGAAATATCTTCACATAAAAACTACACAGAAGCATTCTGAGAAACTTCTTTATGAGGAGTCCATTCAACCCACAGAGTTAAACTTTTCTTCTCATAGAGCAGTTTTGAATCTCTCTATTTGTAGAATCTGCAAGTGGATATTTGCTGCCCTTTGAGGCATACTGAGAGAAAGCAAATATCTTCATATAAAAACTACACAGAAGCATTCTGAGAAACTTCTTTGGGATGTGTGCATTCAACTCACAGAGTTGAACCTATCTTTTGATTGAGCAGATTTGAATCTCTCTTTTGGCAGAAACTGCAAGTAGATATTTGGAGCCATTTGCGGCCTTTGGTGGAAAAGGAAATATTTTCAAATAAAAACTAAACAGAAACATACTGAGAAACTTCTTTGTGATGTGTGCATTCATCTCACAGGGTTGAAACTATCTTATGATTGAGCAGTTTTGAAACACTCTTTTTGTAGAATCTGCAACTGGATATTTGGAGCCCTTTGAGGGCTATTGTGGAAAAGTAAATATCTTCACATAAAAACTATTCAGGAGCATTCTGATAAACTTCTTTGTGATGTATGCATTCAACTCACAGACTTGAACCTATCTTAAGAATGAGCAGTTTTGAATCTCTCTTTTTGCAGAATCTGCAACTGGATATTTTGAGGGCTTTGAGGCCTACCGTGGAAAAGCAATTATCTTCAGATTAAAACTACACAGAAGCATTCCGAGAAACATCTTTGTGATGTTTGCATTCATCTCACAGAGTTAAAACTTTCTCTTGA	10938	INS	21:SAMPLE	GM19462.XX.LWK.AFR_HG02570.XY.GWD.AFR_HG01848.XX.KHV.EAS_HG02134.XY.KHV.EAS_HG00151.XY.GBR.EUR_HG00232.XX.GBR.EUR_HG00234.XY.GBR.EUR_HG03945.XX.STU.SAS	1	0.0175439	1	0.00877193	168	3	0	0.008	.	.	.	.	.	.	.	.	.	.	.	.	.	pericentromeric	.	segdups	repeat	.	.	.	2	0.0122699	0	0	2	0.0210526	3	0.0416667	1	0.00970874	8	0.016	2	0.00613497	0	0	2	0.0105263	3	0.0208333	1	0.00485437	8	0.008	492	8	0	0.992	0.008	HWE_FALSE
chr22	11372614	11372785	atgatggagcagttttgaatcattctttatgtagaatcttcaagtgtatatttggagcgctttgagacctaccgtggaaaagccaatatcttcagataaaaactacacggaagcattctgagaaactgctttatgatgtgtgcattcatctcacagagttgaacctttcttt	a	-171	DEL	20:SAMPLE	query_only	1	0.0175439	1	0.00877193	168	3	0	0	.	.	.	.	.	.	.	.	.	.	.	.	.	pericentromeric	.	segdups	repeat	.	.	.	0	0	0	0	0	0	0	0	0	0	0	0	0	0	0	0	0	0	0	0	0	0	0	0	500	0	0	1	0	HWE_FALSE
chr22	11438487	11438488	C	CTGTCACCTGCGCCCACACACTCAGCCTTGATGTGAGGACTGAATCAAATTGTGGTGGCA	59	INS	46:SAMPLE_57:SAMPLE	GM18501.XY.YRI.AFR_HG03055.XX.MSL.AFR_HG02181.XX.CDX.EAS	2	0.0350877	4	0.0350877	165	0	6	0.004	.	.	.	.	.	.	.	.	.	.	.	vamos	.	pericentromeric	.	segdups	.	.	.	.	2	0.0122699	0	0	1	0.0105263	0	0	0	0	3	0.006	2	0.00613497	0	0	2	0.0105263	0	0	0	0	4	0.004	497	2	1	0.996	0.004	HWE_FALSE
chr22	11454195	11454196	a	aCAGATGAACATTCAGACCCTCGTAGCAGTGTTCTGCAATCCTATGTCACGGACCTTCAGACCCCAGCCACAGTGTTCTGGAATCCT	86	INS	41:SAMPLE	HG03027.XY.GWD.AFR_HG03398.XX.MSL.AFR_HG01250.XY.CLM.AMR_HG01281.XX.CLM.AMR_HG01485.XY.CLM.AMR_HG03808.XX.BEB.SAS	1	0.0175439	1	0.00877193	168	3	0	0.007	.	.	.	.	.	.	.	.	.	.	.	.	.	pericentromeric	.	segdups	repeat	.	.	.	2	0.0122699	3	0.0447761	0	0	0	0	1	0.00970874	6	0.012	2	0.00613497	4	0.0298507	0	0	0	0	1	0.00485437	7	0.007	494	5	1	0.993	0.007	HWE_FALSE
chr22	11454766	11454767	g	gAATGACAAATGCTCAGAATCCATCACCACTGTTCTAGCAGATATATGTGAAGAACAAACCTTCAGACCAAACAGTATGCTGTGGAATTGTATGTT	95	INS	query_only	GM18501.XY.YRI.AFR	0	0	0	0	171	0	0	0.001	.	.	.	.	.	.	.	.	.	.	.	.	.	pericentromeric	.	segdups	repeat	.	.	.	1	0.00613497	0	0	0	0	0	0	0	0	1	0.002	1	0.00306748	0	0	0	0	0	0	0	0	1	0.001	499	1	0	0.999	0.001	HWE_FALSE
chr22	11455649	11455745	acagcagcagtgttctgaaatcctatatgatggaccaatattcagacccttgcaacagtgttctggaatactaggtgagagagaaatattcagaccc	a	-96	DEL	12:SAMPLE_36:SAMPLE_49:SAMPLE_51:SAMPLE	HG00513.XX.CHS.EAS	4	0.0701754	5	0.0438596	159	9	3	0.001	.	.	.	.	.	.	.	.	.	.	.	.	.	pericentromeric	.	segdups	repeat	.	.	.	0	0	0	0	1	0.0105263	0	0	0	0	1	0.002	0	0	0	0	1	0.00526316	0	0	0	0	1	0.001	499	1	0	0.999	0.001	HWE_FALSE
chr22	11456259	11456352	tgtgaaggacaaacattcagaacccaggagcagtgttttgaaatcatatgttgagggcaaacacacagaccctagcatcaattttctagaattg	t	-93	DEL	13:SAMPLE_57:SAMPLE	query_only	2	0.0350877	2	0.0175439	165	6	0	0	.	.	.	.	.	.	.	.	.	.	.	.	.	pericentromeric	.	segdups	repeat	.	.	.	0	0	0	0	0	0	0	0	0	0	0	0	0	0	0	0	0	0	0	0	0	0	0	0	500	0	0	1	0	HWE_FALSE
chr22	11457191	11457192	c	cTGCAGGAGTGTTCTGGGAACCTATGACAGGGACACGTATTCAGACCCTCGTAGCAGTGCTCTAGAATCCTTTGTGAAAAAACAAACATTCA	91	INS	29:SAMPLE	HG01250.XY.CLM.AMR_HG00236.XX.GBR.EUR_HG01669.XY.IBS.EUR	1	0.0175439	1	0.00877193	168	3	0	0.004	.	.	.	.	.	.	.	.	.	.	.	.	.	pericentromeric	.	segdups	repeat	.	.	.	0	0	1	0.0149254	0	0	2	0.0277778	0	0	3	0.006	0	0	1	0.00746269	0	0	3	0.0208333	0	0	4	0.004	497	2	1	0.996	0.004	HWE_FALSE
chr22	11458115	11458116	t	tGTGTGAGGCAGAAACACTCTGAACCCAGAAGCAGTGTTCTGGAATCCTCTATGACAGACACACATGTAGACCTCAGCAGCTGTGTTCGGGAATCC	95	INS	57:SAMPLE	query_only	1	0.0175439	1	0.00877193	168	3	0	0	.	.	.	.	.	.	.	.	.	.	.	.	.	pericentromeric	.	segdups	repeat	.	.	.	0	0	0	0	0	0	0	0	0	0	0	0	0	0	0	0	0	0	0	0	0	0	0	0	500	0	0	1	0	HWE_FALSE
chr22	11458785	11458786	a	aATGCTATGTGTGGAACAAACATTCACACCACTGCAGGATTGTTCTGGCACAAACAGTCAGACCACAGCGGGAGAGTTCTGGAATTTTTCTGTGAGGA	97	INS	41:SAMPLE	query_only	1	0.0175439	1	0.00877193	168	3	0	0	.	.	.	.	.	.	.	.	.	.	.	.	.	pericentromeric	.	segdups	repeat	.	.	.	0	0	0	0	0	0	0	0	0	0	0	0	0	0	0	0	0	0	0	0	0	0	0	0	500	0	0	1	0	HWE_FALSE
chr22	11460620	11460621	a	aACTGTTTTGGAATTCCCTTTGAGAAACAAACTTTTAGACCCTCATAGCTGTGTTCTGCAATCCTGTGTGTGGGACAAAATTTCAAAACCTCGTAGC	96	INS	22:SAMPLE	query_only	1	0.0175439	1	0.00877193	168	3	0	0	.	.	.	.	.	.	.	.	.	.	.	.	.	pericentromeric	.	segdups	repeat	.	.	.	0	0	0	0	0	0	0	0	0	0	0	0	0	0	0	0	0	0	0	0	0	0	0	0	500	0	0	1	0	HWE_FALSE
chr22	11461193	11461194	t	tGAAGCATGTGAGGGGTAAACATTCATATCAGTAGGAGGATTCTGTACCCGATGG	54	INS	22:SAMPLE	HG00742.XY.PUR.AMR	1	0.0175439	2	0.0175439	168	0	3	0.001	.	.	.	.	.	.	.	.	.	.	.	.	.	pericentromeric	.	segdups	repeat	.	.	.	0	0	1	0.0149254	0	0	0	0	0	0	1	0.002	0	0	1	0.00746269	0	0	0	0	0	0	1	0.001	499	1	0	0.999	0.001	HWE_FALSE
chr22	11461877	11461878	c	cAAATAAATACTTGAGTGTTTTTGAATCCTATGTTACGGACAAACATTCAAACCCTCGTCGCAGTGTTCTGGAATTGTTTGTGAGTGAGAAACACTCAGAAACCAGCAGCAGTGTTCTGGAATCCTATGTTTCGGACATAAATGTAAATTCTGACCCTCATCTCAGTGGTCTGGAATTCTAGGTGAGGAAG	190	INS	22:SAMPLE	query_only	1	0.0175439	1	0.00877193	168	3	0	0	.	.	.	.	.	.	.	.	.	.	.	.	.	pericentromeric	.	segdups	repeat	.	.	.	0	0	0	0	0	0	0	0	0	0	0	0	0	0	0	0	0	0	0	0	0	0	0	0	500	0	0	1	0	HWE_FALSE
chr22	11465974	11466070	gtgagggacaaactttcagaccccagcaactgtgttctggaatcctatgtgaaggagaaatgttcagaccacagcatcagtgttctggaatcttaaa	g	-96	DEL	57:SAMPLE	HG03027.XY.GWD.AFR_HG00253.XX.GBR.EUR	1	0.0175439	1	0.00877193	168	3	0	0.003	.	.	.	.	.	.	.	.	.	.	.	.	.	pericentromeric	.	segdups	repeat	.	.	.	1	0.00613497	0	0	0	0	1	0.0138889	0	0	2	0.004	1	0.00306748	0	0	0	0	2	0.0138889	0	0	3	0.003	498	1	1	0.997	0.003	HWE_FALSE
chr22	11466468	11467309	cctgcaaacagggataatttgacctcctcttttcctaattgaataccctttatttctttctcctgcctgatagccctggccagaacttccaacactactttgaataggagtgatgggaaagggcatccctatcttgtgcctgttttcaaaggcaatgcttccagtttttgcccattcagtatgaaaatgtctgtgtgtttgtcatgaatagctcttattatttttacatacatcccatcaatacctaattcattgagagtttttagcatgaagggctgttgaattttgtcaaaggccttttctgcctgtattgagataatcatgtggtttttgtctttgattctgtttgcatgctggattacgtttactgatttgcatatattgaaccagccttgcatcccagggatgaagccatcttgatcatggtggataagctttttgatgtgctgctggattcagtttgccagtactttattgaggatttttgcatcgatgttcatcagggatattggtcttaaattctcttttttggttatgtcttatccaggctttggtatcaggatgatgctggcctcataaaatgagttagggaggattccctctttttctcttgattggaagagtttcagaaggaatggcaacttctcctccttgtacctctggtagaattaggctgtgattccgtcttgtcctggactttttatggttggtatgctattattgcctcaatttcagagcctgttattggtctattaagagattcaacttcttcctggtttagtcttgggagggtttatgtattgaggaatttatccatttcttctagattttctagtttattt	c	-841	DEL	57:SAMPLE	HG03027.XY.GWD.AFR_HG00236.XX.GBR.EUR_HG00253.XX.GBR.EUR_HG01669.XY.IBS.EUR	1	0.0175439	2	0.0175439	168	0	3	0.005	.	.	.	.	.	.	.	.	.	.	.	.	.	pericentromeric	.	segdups	repeat	.	.	.	1	0.00613497	0	0	0	0	3	0.0416667	0	0	4	0.008	1	0.00306748	0	0	0	0	4	0.0277778	0	0	5	0.005	496	3	1	0.995	0.005	HWE_FALSE
