CHROM	POS	End_Pos	REF	ALT	SVLEN	SVTYPE	Inheritance	Control_support	Genotype	Alt_Reads	Ref_Reads	Total_Reads	Parental_GT	Parental_Alt_Reads	Parental_Ref_Reads	Parental_Total_Reads	Allele_Freq_ALL_Control	Genes	GENCC_phenotype	GENCC_support	GENCC_MOI	Pop_Count_ALL	Pop_Freq_ALL	Allele_Count_ALL	Allele_Freq_ALL	GT_homWT	GT_het	GT_homVAR	p	q	HWE
chr22	10571122	10572035	ATTCTACAATATGTGATAAAACCACCCCCTAACAACTTAAAGCAAAACAGGGATTGACCTTAAAGACCTGCCTTTTCCTCATCCCCCAGCCAGTTTTCAAATCTTGCATTTTATTTCCAAAGGTCCTTATCTCCCTAGTCTCTTGTTTCTAGACTCGGCACATATTTAAGTTTGTTACCTCTATCTACTGACTTTTCTCTTTTCAAACAGTATCTATGCCTGCCAAATGTGAACATATAAAAAAAAATCAGAATGTGCCATTCTGATTTAAACTGCTTATTAGTTAAAACCCTCAAGATAACATCTGGGTTCTTAGCTGCAATGAGTCAAGCCTACTTACATCTTTTTTTGTCTTTGGCTGCACATTTCCTATCTCATCACACTCCAGCAAAGCCAAGCTGTGCCGGCCTTCTACACCAGATCCACTATTTTGCCCCGCGTCGCCGCGGATTTTTGCCCCCCCGCCGCCGCCGCGACTTTTTGCCCGCCGCGGCTTTTTGCCCCGCCATGGCTTTTTACACCCCGCCGCCGCGGCTTTTTGTTCCCTGCCGCCGTGGCTTTTTGCCTGACCCGGCTTTTTGCCCCCCCACCGCCGAGGCTTTTTCACCCCCGCCGACGCGGCTTTTTGCTCCCCCCCGCTCCGGTGTCGCTGTTATTTTGCCCGCTGCGGCTTTTTGCTCCCCCCCGCTCCGGTGTCGCGGTTATTTGCCCGCCGCGGGTTTTTGCACCCCCCGGTGCCGCCCTTTTTTGCCCGCCGTGGCTTTTTGCCCCCCGCGGCTTTTTGCCCCCCGCCGCCGCGGGTTTATGCCCGCCGCGGGTTTTCGCTCCCCGCCGCCGCAGCTTTTTGCCCTCCGCCGCCGCGGCTTTTTCCCCACCGCGGTTTTTTGCACCCCCGCCGCCTCGGGTTTTTGCCC	A	-913	DEL	not_inherited	32:SAMPLE_43:SAMPLE_48:SAMPLE	1/1	2	0	2	./.	.	.	0	0.0350877	.	.	.	.	3	0.0526316	4	0.0350877	54	2	1	0.964912	0.0350877	HWE_FALSE
chr22	10577829	10577830	N	ATATATGTATGTATACAATACATACACATATAACATATATGTATGTATACAATACATACACATATAACATATATGTATGTATACAATACATACACATATAACATATATGTATGTATACAATACATACACATATAACATATATGTATGTATACAATACATACACAT	165	INS	not_inherited	48:SAMPLE	1/1	2	0	2	./.	.	.	0	0.0175439	.	.	.	.	1	0.0175439	2	0.0175439	56	0	1	0.982456	0.0175439	HWE_FALSE
chr22	10704955	10704956	t	tATATGAATATATATATGAATATATATATGTATATATATATGAATATATATATGTATATATGTATATATATATGAATATATATATGTATATATATATGAATATATATGAATATATATGTATATATATATGAATATATATATGAATATATGTGTATGAATATATATATGAATATATATATGTGTATATATATATATATATATATATATATATAT	212	INS	not_inherited	24:SAMPLE_49:SAMPLE_56:SAMPLE	0/1	28	79	107	./.	.	.	0	0.0263158	.	.	.	.	3	0.0526316	3	0.0263158	54	3	0	0.973684	0.0263158	HWE_FALSE
chr22	10706354	10706510	CAATGCAGCATGACAACTGTTTCTCTGTAATAGTGATCCAACATGACGTGTAGTATTACACAGGGTTGCTAAAACAAGAATATGTAGACAGTAGCTACATTGGGTTTCTGTGGCTACAAGAGTTGTTCATTTCTCTGGTAATGTGTAGAATTACTAA	C	-156	DEL	not_inherited	SAMPLE_2:SAMPLE_4:SAMPLE_6:SAMPLE_15:SAMPLE_19:SAMPLE_20:SAMPLE_21:SAMPLE_25:SAMPLE_30:SAMPLE_38:SAMPLE_41:SAMPLE_42:SAMPLE_43:SAMPLE_45:SAMPLE_49:SAMPLE_50:SAMPLE_51:SAMPLE_52:SAMPLE_53:SAMPLE_55:SAMPLE_56:SAMPLE	0/1	36	91	127	./.	.	.	0	0.192982	.	.	.	.	22	0.385965	22	0.192982	35	22	0	0.807018	0.192982	HWE_FALSE
chr22	10723210	10723265	tcactcgtgtccattccatttcattcgagtccctttcactccattccattccattc	t	-55	DEL	not_inherited	SAMPLE_2:SAMPLE_3:SAMPLE_4:SAMPLE_5:SAMPLE_6:SAMPLE_7:SAMPLE_8:SAMPLE_9:SAMPLE_12:SAMPLE_13:SAMPLE_14:SAMPLE_15:SAMPLE_16:SAMPLE_18:SAMPLE_19:SAMPLE_20:SAMPLE_21:SAMPLE_22:SAMPLE_23:SAMPLE_24:SAMPLE_26:SAMPLE_27:SAMPLE_28:SAMPLE_29:SAMPLE_32:SAMPLE_33:SAMPLE_34:SAMPLE_35:SAMPLE_36:SAMPLE_37:SAMPLE_39:SAMPLE_41:SAMPLE_42:SAMPLE_43:SAMPLE_45:SAMPLE_46:SAMPLE_47:SAMPLE_48:SAMPLE_50:SAMPLE_52:SAMPLE_53:SAMPLE_54:SAMPLE_55:SAMPLE_56:SAMPLE_57:SAMPLE	0/1	52	84	136	./.	.	.	0	0.412281	.	.	.	.	46	0.807018	47	0.412281	11	45	1	0.587719	0.412281	HWE_FALSE
chr22	10729043	10729044	t	tTCCATTCCATTCCATTCCATTCCATTCCATTCCACTCGAGTCGTTTCCTTTCCATTCCATTCAA	64	INS	not_inherited	7:SAMPLE_9:SAMPLE_14:SAMPLE_15:SAMPLE_16:SAMPLE_17:SAMPLE_29:SAMPLE_30:SAMPLE_34:SAMPLE_35:SAMPLE_36:SAMPLE_39:SAMPLE_45:SAMPLE_46:SAMPLE_47:SAMPLE_48:SAMPLE_49:SAMPLE_50:SAMPLE_51:SAMPLE_53:SAMPLE_55:SAMPLE_56:SAMPLE_57:SAMPLE	1|0	64	137	201	./.	.	.	0	0.201754	.	.	.	.	23	0.403509	23	0.201754	34	23	0	0.798246	0.201754	HWE_FALSE
chr22	11040901	11040902	a	aAGAAGAAGAAGAGGAGGAGGAGGAGAAGGAGGAGGAGGAGAAGGAGGAGG	50	INS	not_inherited	44:SAMPLE_54:SAMPLE	0/1	43	101	144	./.	.	.	0	0.0175439	.	.	.	.	2	0.0350877	2	0.0175439	55	2	0	0.982456	0.0175439	HWE_FALSE
chr22	12131936	12131937	T	TGTATACATTCATTTTTTTTTTTTTTTTTTTGAGACGGAGTCTCGCTCTGTCGCCCAGGCTGGAGTGCAGTGGCGGGATCTCGGCTCACTGCAAGCTCCGCCTCCCGGGTTCACGCCATTCTCCTGCCTCAGCCTCCCAAGTAGCTGGGACTACAGGCGCCCGCCACTACGCCCGGCTAATTTTTTTGTATTTTTAGTAGAGACGGGGTTTCACCGTTTTAGCCGGGATGGTTTCGATCTCCTGACCTCGTGATCCGCCCGCCTCGGCCTCCCAAAGTGCTGGGATTACAGGCGTGAGCCACCGCGCCCGGCC	312	INS	not_inherited	2:SAMPLE_3:SAMPLE_56:SAMPLE	0/1	2	1	3	./.	.	.	0	0.0263158	.	.	.	.	3	0.0526316	3	0.0263158	54	3	0	0.973684	0.0263158	HWE_FALSE
chr22	12175014	12175015	C	CCGCTAAAATACAATGGCAAATGTAAGTGTTTCCCTGCGTGCTGTGAGCTCTTCCAGCCAATGAATGCAACTAAATCTGGGAGTGGTGGCAACCTGATTTATAGCCAGTTGCTGAGAAGCACAGGTAAAACAACGTAGGGCTTCCCGTTGTTATGAGTGTGGGAGGCCTGTCTGGCGGGACTCGGCCCTTTGGAATCTAATGCTATGTCCCGGTAGATAGCGTCACCATTGAATTAGAAGACACACATATGTAGAATAATCTTTCTGGTCATTTGCTGCATGTCTTATTTACAATATGTAATCAAATTCTTTATCCTGACCTTATGGCACCTGGGCTGAGAACCATGATTTGAACCAAACAATGGTCTGTCACTTTCTGAGTTGGAAACTTTATTTTGCCTTTAGCGTTTTGCTATTGCTTTTTCGTTTTCTTTTGTTTCGTTTCGTTTCTAAGTTCTGGGGTATATGTGCAGGATGTGCAGATTTGTTATTAAGGTAAACGTGGGCCATGGTGGTTTGCTGCACCTGTCAACCCATCACCTAGGTATTAAGCCCAGCATGCAGTAGCTTTCTTCTTAACGCTCTGCCTCCCGAAAGGCCCCAGTGTGTGTTGTTCCCCTTCCAGTGTCCATGTGATCTCATTTTTCAGCTCCCATTATAAGTGAGAATGTGGCGTTTGGTTTTCTTTCCCTGGATTACTTTCCTAGGGATAATAACCACACATCACCACTGTTTTTGTTTTTTAGTGTAAAGAGTAGTATTTTATTGAATAAGATTTGCTCACAGAAAAATAAGCTTAAATCTACAATGAATGCCAGACTCTACAGCAGAAAGCAATTTTCTCACTTTTCCACACACAATGCTTCCTACTAAGTGAAAAAAAGCCATAAAATTTCATTCACAAATGTACCACTCTGTCTCAAAACATCTCACATAATCATGCACTGTACTTAAGCCATTAGATCACTGAGTCAGGTTAAAGAAGTATCCCTCTAATAACTGACTTTTATAATGCTATCAATATCCACTCCCAATCAGTCTGCCATTGTTAATGGTGTACAGCATTACTGATACAATGGAATGGATGACAACCATATCCACGGACAAACCGTGATTTATGATGGTTTGATTCATAATTTTTCAACGTTTATGATGGGTTTATTGGAATATTAGATGCGTTTCTCAGGTACACTGGTTTTATGAGTATGCGACCCTATACACCAGAAACAGCTGTATAAGGAAAAACAGGTGTACCTAATAAAAATATGCTTAGTGACTTGGGATAAACCAATAGATGTTCACAACTGATGGAGAGCCGTGAAAGGGAGATAGCGGTAAATAGTTAAAATAACACAATTTTCCTGCACCTGTTGAGGATTTTGCCAAAGAAAAAAACGCAGAATGTGGGATGCACCTAAGGCAAATGAAAGAGAGAGGGCAGAAGGAGTAAGAGAGAAATAGGAAGGAAGGAAGGAAGGAAGGAAGGAAGGAAGGAAGGAAGGAAGGAAGGAAGGAAAGAAGGAAAGAAAGAAAGAAAAACACAGGTGTTACTAAAAACCCCCCACAAAATGGTTTCCCCTGTGGGTAAGCCTACAATGTGGATGAATCTTGAAAATATTGTGCTACGTGTTATGTCAGTCATAACAGCTCACCTATTGTGCAATTCCGTTTGTAGGAAATGCCCACAATATGGAAATCTGTTGCATATGGGGTTGATCGCACTAGGTAGTTGCTACCTAGGGCTAAGGGTCAGGGAGAGGGTTTGAGAGAGAATGAGGAGTGACTAATGTCTACAGGGATTTTCTCTGGTCGGGGGTGACAAGACGTTCTACAATGGATTTAGAAAAATAAAATTGAATGTGCACAACCACAGGTATAGTAAAAGCCACTCAATTCATGACTTTTAATGGAGGAATCTTATGTGGCGCACTCTCATGGAGACCACGGCAGACATAGTGAGAGAGAAAAAGGTGAGTAAATATCTGAAACGGAGGTAGAAACAGAGAGAATGAAAAGCCCTGTGAATGGAAGGGAGAGCGAAAAGGGAAAATGGTCCTATTTACAAATGACAGATGGGGTTGGCATCAACAGTGTCACTGCCAGGAAGGAGGGTGATGCTAGCCATGTCACCGGTAGCTGTCCCGCAGGGACGCCGACCTGCTGGAGCGTCGTGCCAGCATGGGATGTGGCAGCCACGTCAGGCCAGCAGGAGGGACCCTTTGCACAGCTGTGGGGTGAGGATAGACTGGGTGGTGATATCGGCCATGACAGGGGCCTCTTCTGCTGGCAAGAGTGTGACAGTAGCAAGTAGATGGACAGTTTTGCGTGAGGACGGAATGCAGGAGGGGCTCTTGTGCGGCTGGGTGTGGGGCACTCATGGGAACCGTGGAGTAATGGCCAGGTAACTGCGTCATGTGGGGTCATGAGATTGGCCAGGGCTTCGAACTGAAGGACAATAACGGGGAGTAGCTGTCAGGCCCTGGGAGTGTCTGAGTGTAGGTGGAGATGGGTTTGGGGTCACTCAGGGATGCGTGGGAGCCATCCCTGTATAGGTACAGGTCATACGGAGATAGTGTCGTGAGGCCTGTGAGTGTCTAGGGTTGTCCTGGGTGCCTGGGGCTGACTGTGGCAGGAATACTGGGGAAGGCTGGAGAGAAGCTGAGGGAGACCCAGGAGAGTCCCTGAAGGCAGGGGGTGAAGAGGTGAAAGAAATGGGGGAGGGTTGCAGTAAGGTCCGTGAGTTTGTAGGTGATTCCTGGGTGCGGGAAGCTGACTCCAGGTGAAATCTGGAGATGGTTGGAGAGTAGCTGAGAGAGACAGAAGAGTCCCTGAGGGCTGCGGGTGACAACACTGAGGAGACTGGGGAGTAAGTCAGTGAAATTCGTGAGTTCGGAATGTGCTACGTGGGTGCCTGGAACTGACTCCAGCTGGAACCTAGAGAAGTTTTGAGAGTAGCTGAAAGAGACACAAGGAGGATTCCCCCTGTGGGCTGAGGGCAAAGACCTGAGAGAGACCGGGGAGGACCTCAGTGAAGTACTGTCTGTGAGTCCGTAGGTGATTCTGGAGTGTGGGAGGCTGACTCCCGCTGAAATCTGGGCGTGGTGGGAGAGTAGCTGGGACAGACAGGAGAGTCCCAGAGCGCTGGGGGTGAAGACATGAGACACTGGGGAGTAACTCAGTGAAACTGCTGAGTTTGTAGGTGATACCTGGGTGCCTGGAACTGACTCCACTGAAGATCTGGGCATGGTTGGAGAGTAGCTGGGACCCACAGGAGAGTCCCTGAGGGCTGGGGGTGAAGACATGAGAGAGACCGGGGAGTAACTGAGTGGAAACTGGTGCAGGTTGGGTGGTGACTCCGGGGTGCCTGGAACTGACTCCAGCTGAAATGTGGGCGTGGTTGGAGAGTAGCTGGGACAGACAGGAGAGTCCCTGAGGGTTGGAGATAAAGACGTGCTAGAGACTGAGGAGTAACTGAGTGAAATTTGTAGTTTGGTGGTGATTCCTGGGTGCCTGGAACTGACTTCCGCTGAAGTGTGGGCGTGGTTGGAGAGTAGCTGGGACACACAGGAGAGTCCCTGAGGGTTGGAGATAAGGACGTGCTAGAGACTGAGGAGTAACTGAGTGAAATTGGTGAGTTTGGTGGTGATTCCGGGGTGCCTGGAACTGACTCTAGCTGCAATGTGGGAGTGGTTGGAGAGTAGCTGGGACAGACGGGAGAGTCCCTGAGGGATGGTGAAGACATGAGAGAGACTGGGGAGTAATGCAGTGAAATTGGTGAGTTTGGTGGTGATTTCTGGGTGCCTGCAACGGACTCCCGCTGGAGTGTGGGCGTGTTTGGAGAGTAGCTGGGACAGTCAGGCGAGTCCCTGAGGGTTGGAGATAAGGACGTGCTAGAGACTGGGGAGTAACTCAGTGAAAGTGGTGGGCTGAGGCGGTGATCCCTGGGTTCCTGGAACTGACCCGCTCTGAAATGTGGGCGTGGTTGGAGAGTAGCTGGGACAGACTGGAGGGTCCGTAAGGCCTGGGGTGAAGACGTGAGAGAGACTGGCCAGGATCTCACTGAGGTCTGTGAGTTTGTAGGTGTTTCTGGGGTGTGGGGTACAGACTCCCGCTGAAATCTGGGCATGGTTGGAGAGTAGCTGGGACAGACAGGAGAGTCATGGGTGGCTGGGGGTGAGCTGCTGGATGATGGCAGTAAGAACATATGGTATATTATTGATGAATGAGGTGACTGTGAAGAATCTCCAGAGGAGGACACGGGAGAACACAATGACATGAGTGACTGTCCTGCTTGGTTAGGAAAGGGAAACGTAAAGCTGTGGAATTCTGTTGATGATGGATGTGAGAGTGGTGAAGCCCTGCGGGATGATGTAGAGTACTTCCACATCCCTGGTGAGGAGCTGCCCCTTGGGTCTGAGTTTCTGGGAGGGGAGAGGGAGAAGCTGGGTGAGGCAGGCATGAATCTTGAGGAGTCAGGGCTGGGGGACCGCTCATATTATCCCGAGACATGTGAGTCTCTGGGGGACTCCTGGGTGCATGGGGCTGACTCCCGCAGGAACCTGGGGATGGCTGGAGAGTAACTGGGAGCCACAGGAGAGTCCCTGAGTATGGGGGTGAAGAGATGAAAGACACAGTGGTGGAGCACCGTGAGGCTCGTGAGTTTGTAGGTGATTCCTGGGTGTGGGGGGCTGTCTCCAGCTGAAGATCTGGGGTTGTTTGGGGAGTAGCTGGGAGACACAGGAGACCCCCCGAGAGCTGGGGGTCAGCTGCTGGGTGATGGCAGTGAGAACATGTGGTATATTATTGATGAACGTGGGGACTCTGAGGAATCCTCAAGAGAGAGCTACGGGAGAGCCCGATGGCTTCATTGATTGCCCATCACGGTGAGGACAGGGAAATGGGAGCTTGTGGGATTCTGGTGATGACAGAGGTGAGTGTGGTGAAGCCCTAGGGGATGGTGAATGGTAGCTCCGGATCCCTGGTGAGGAGCTTCCCCTAAGCCTGGTTTCTGAGAGGGGGAGAGGGAGAAGCTGGGTGAGGCTCGCATGGACCTTGGGGAGTCCAGGCTGGGGGACCGTTCATAAGAGAGCCAGACAAGTCCCTGTGCTTAGGTGCAGACATGATTAGGAAACCTGCAGCTCCCAGGGGCCCCTACTAATTTTCTAACTCGCAGAAAGAAGGAGTGTGTGTGCGTGTGTGTGCGTGTGTGTGTGTGTGTGTGTGGATATGGGTGTCATCAATTCCATTGTATTCAGTAATGCTGTACACCATTAACAATAGCAGACTGATTGGGAGTGGATATTGATAGCATTATAAAAGTCAGTTATTGAGGGATACTTCTTTAACCTGACTGAAGAAGTGATCTAATGGCTTTAGTACAGTGCATGATTATGTGAGATGTTTTGAGACAGAGTAGTACATTTGTGAATGAAATTTTATGGCTTTTTTTCACTTAGTAGGAAGCATTGTGTGTGGAAAAGTGAGAAAATTGCTCTCTGCTGTAGGTCTGGCATTCATTGTAGATTTAAGCTTATTTTTCTGTGAGCAAATCTTATTCAATAAAATGCTACTCTTTATATTAAAAAACAAAAACAGTGGTGATGTGTGGTCATTATCCTCAGCAAACTGATCTAGGGAAAGAAAACCAAACTCCACATTCTCACTTATAATGGGAGCTGAAAAATGAGATCACATGGACACTGGAAGGGGAACAACACACACTGGGGCCTTTCGGGAGGCAGAGCGTTAAGAAAAACAGCTACTGCATGCTGGGCTTAATACCTAGGTGATGGGTTGACAGGTGCAGCAAACCACCATGGCCCACGAACCTTCGTAACAAATCTGCACATCCTGCACATATACCCCAGAACTTAGAAACGAAACGAAACAAAAGAAAAAAAAACGGAATAAGCAATAGCAAATCGCTAAAGGCAAAATACAGTTTCCAACTCCGAAAGTGACAGACCAATGTTTGGTTAAAATCATGGTTCTGGACCCAGTGCCATAAGGTCAGGATAAAGAATTTGATTACATGTTGTAAATAAGACATGCAGCAAATGACCAGAAAGATTATTCTCAACATATGTGTGTCTTCTAATTCAATGGTGACGCTATCTACCGGGACATAGCATTAGATTCCAAAGGGCCGAGTCCCGCCAGACAGGCCTCCCACACTCATAACAACGGGAAGCCCTACGTTGTTTTACCTGTGCTTCTCAGCAACTGGCTATAAATCAGGTTGCCACCACTCCAGATTTAGTTGCATTCATTGGCTGGAAGAGCTCACAGCACGCAGGGAAACACTTACATTTGCCGTTGTATTTTAGCGGACATTACAAAAAGTTCAGAAATAAATGTGGGGCCCAGCATGTGGGGAGGGGCGCACTGCCCTCCAGGAAGTGTTATCCAGAAGCTCTCTGAACCCAGTCCTTTTGGGTTTCTGGAGACCTCATTCTATAGGCATGATGGGTTAAACCATAGGCTATTGGTGATCAACTCCACCTGAGGCTCTCAACCCTCCATGGAAATTGGGGTTGAGGCTTTGCCATTCTCAGTCTGACTAAAAGAAGTTACCCAAACGGAATTTTAAAACAGATGAGGATAACTGGACTCTTAATTAGATGATTGGATTATCTGGACACACACCTTGATATTCCACACCGGAGCACCCTCATGCAACGAATGCTCCACCCAACTGGCTCCCAAGTCTCCACGTGGTTCCAGAGCAAAAGAATGTTTATACAACGCATATCTCTACTTTTTCTTCAAAGTCTTTTTGCTTACACGGAAAGACTTCTTAAACTGCCATGCATCAGGGTCAGGGGGAGGTCTTGTCTGCAACACACATCTGTGGATGTCCGGGATTTGATTATGGCAAGGATGCTGCTGGTGTCGCAACCACAACGTGGGAACCACAGAACCACTGGTTGGTTTTCAGTGTTTCAGTATGCATACAATTCCTAATATATCTGGCCAAGAAAACTTGGAAGTTACTAGATTGTCCCAAAGGTGGCGCATGAAATCAAAGCAGGAGAATAGTTTCCTATGAGGTGTAGCCTGGGAAAGTTGGGGGTGACTGATGGAAAGGAGGAGTGAAGCTCCGCCCTTTCCCGCTGCTAGGCTGCGCCCGAGGCTCTTTAAACCCACCCTGGCTGGCCTGTACTCAGATCTTCGCGGAGCGGATCAGCGGCCGGAGCGTTTGGCGGCTCTGCGTGGACTTGGAGCTGCACCGCGTGCTTGCAGCTTGGAAGCGGATTCAGAGGACAGGGCAGAACACTTGGGCAAGTGAATCTCTGTCTGTCTGTCTGTCTGTCTGTGTGTCTGTCTGTGTGTCTGTCTCTTTGGTTGGTTGATTTTCCATTTTCTTAAGGGGGACATACCTCACACTGCACACACACAGACACACACACACGCACACACACGCACACACTCACACACACGCACACACACTCCTTCGTTCTGCGAGTTAGAAAATTAGTAGGGGCCCCTGGGAGCTGTAG	7498	INS	not_inherited	4:SAMPLE_13:SAMPLE_20:SAMPLE_32:SAMPLE_33:SAMPLE_43:SAMPLE_45:SAMPLE_50:SAMPLE_51:SAMPLE_56:SAMPLE	1/1	3	0	3	./.	.	.	0	0.131579	.	.	.	.	10	0.175439	15	0.131579	47	5	5	0.868421	0.131579	HWE_FALSE
chr22	12328827	12331039	gagaagtttctcagaatgcttctgtctagtttttatttgaatatatttgttttacaccataggcctctaagcgctccaaatatccacttgcagattcaccaaaaacagtgtttcaaaactgttcaatcaaaataaaggtttaaatctgtgagatgaatgcacacatcacaaagaagtttctcaaaatgcatctgtctagttttgatgcaaagatatttgcttttccacaaaggcctaaaagcactccaaatattcacttgcagattctacaaaaagagtgtttcaaaactgctcgatcaaaagaaaggttcaactctgtgagatgaatgcacaaatcacagagaaatttctcagaatgcttctgtctagtttatatgtgaagatatttccttttccaccatagacctcaaaccgcttcaaatatccatttacagatactacaaaaagagtgtttcaaaactgctcaatcaaaagaaaggttcaactctgtcagatgaatgcacacatcacaaagaagtttttcagaattcttctgtccaatttttatgtgaagatacttccttttacaccatatgcagcaaagcgctccaaataccctcctgcagattctacaaaattagtgtttcaacactgctcaatcaaaagaaagttcctctctgtgagatgaatgcatacatcacaaagaaatttctcagaatgcttctgtgtagtttttatttgatgatatttccttttccacaataggccttaaagcgctccaaatatccacttgcagattctccaaaggagtgtgtcaaaactgttcaatcaaaagaaaaatttaactctgtgagatgaatgcacacatcaccaagaactttctcagaatgcttctgtctagtttttatgtgaagatatttccatttccactgtgggccacaaagggctccaaatatccacttgcagattctacaaaaagagtgtttcaaaactgctaaatcaaaagaaaggttctactctgtgagttgaatgcacacaacaaagaagtttctcagaatgcttccgtcaattttttatgtggagatatttccttttccaccataggcccctaagttctccaaatatccacttgcaaattctacaaaaagagtgaaaactgctgaatcaaaagaaaggttcaccactgtaagatgaatgtacacgtcacaaagaagtttctgagaaagattctgtctagtttttatgtgaagatatacccttttgcaccgtagacctcaaaatgatccatatatccatttgcagattctacaaaaagagtgtttcaaaactgctcaatcaaaagaaaggttaagttctgtgagatgaatgcacacattacaaagaagtttctcagaatgctgctgtctagtttttatgtgaagatgtttcattttccaccatacgcctcaaagcgctctaaatatccacttgcagattcctcaaaaagagtgtttcaaaacagctcaatcaaaagaaaggttcaactctgtgagatgaatgcacacattacaaagaagtttatcagaatgcttctgtctagtttttaagtgaagatatttccttttcctccataggcctcaaagagctccaaatatcctctagcagattctacaaaaagagtgtttcaaaactgcttaatcaaaagaaatgttcaactctgtgagaggaatgcacacatcacaaataagtttctcagaatgtttcctctagtttttatgtgaagatatttccttttccaccatagtcctcaaagcgctccaaatatccactggccgattctccaaaaagaacatttcaaaactgctcaatcaaaagaaattttcaaatctgtgagaggaatctgtacatcacaaagaagtttctcagaatgcttccgtgtagcttttatgtgaagatattcccttttccactataggcctcaagtggctccaaatgtccacttgcagattctacaaaaagagagtttcaaaactgctcagtcaaaagaaaggttaaactctctctgatgaatgcacacatcacagagaagtttctcagaatgcttctgtcaagttttttatgtggagatatttccattccaccatcggcccctaagcactccaaatagccacttacagattcttcaaaaagcgtgtttcaaaactgctgaatcaaaagaaaggttcaactcagtgagttgaatgcacatatcagaa	g	-2212	DEL	not_inherited	SAMPLE_2:SAMPLE_3:SAMPLE_7:SAMPLE_9:SAMPLE_11:SAMPLE_13:SAMPLE_14:SAMPLE_15:SAMPLE_16:SAMPLE_19:SAMPLE_22:SAMPLE_24:SAMPLE_27:SAMPLE_28:SAMPLE_30:SAMPLE_33:SAMPLE_34:SAMPLE_35:SAMPLE_36:SAMPLE_37:SAMPLE_38:SAMPLE_39:SAMPLE_40:SAMPLE_42:SAMPLE_43:SAMPLE_44:SAMPLE_46:SAMPLE_47:SAMPLE_48:SAMPLE_49:SAMPLE_50:SAMPLE_51:SAMPLE_52:SAMPLE_53:SAMPLE_54:SAMPLE_55:SAMPLE_56:SAMPLE_57:SAMPLE	0/1	7	15	22	./.	.	.	0	0.342105	.	.	.	.	39	0.684211	39	0.342105	18	39	0	0.657895	0.342105	HWE_FALSE
chr22	12332794	12332963	aaagtttctgagactgcgtctgtgtggtttttatgtgaagatatttccttttctaccataggcttcaaagcgctccaaatatccacttgcaggttctagaaaagagtgtgtccaaattggtcaatcaaaagaaagatcaactctctgagatgaatgcacacatcacaaag	a	-169	DEL	not_inherited	SAMPLE_2:SAMPLE_3:SAMPLE_6:SAMPLE_7:SAMPLE_9:SAMPLE_11:SAMPLE_13:SAMPLE_14:SAMPLE_15:SAMPLE_16:SAMPLE_19:SAMPLE_20:SAMPLE_22:SAMPLE_24:SAMPLE_27:SAMPLE_28:SAMPLE_30:SAMPLE_32:SAMPLE_33:SAMPLE_34:SAMPLE_35:SAMPLE_36:SAMPLE_37:SAMPLE_38:SAMPLE_39:SAMPLE_40:SAMPLE_41:SAMPLE_42:SAMPLE_43:SAMPLE_44:SAMPLE_46:SAMPLE_47:SAMPLE_48:SAMPLE_49:SAMPLE_50:SAMPLE_51:SAMPLE_52:SAMPLE_53:SAMPLE_54:SAMPLE_55:SAMPLE_56:SAMPLE_57:SAMPLE	0/1	8	15	23	./.	.	.	0	0.377193	.	.	.	.	43	0.754386	43	0.377193	14	43	0	0.622807	0.377193	HWE_FALSE
chr22	12337353	12337354	N	GTTATTATGTGACGATATTTTGTTTTCCACAATGGGCCGCAAAGCACTCTTTGAGATGAATGCACCCGTCAAAAGACATTTCTGAGAATGCTTCTAGGT	99	INS	not_inherited	query_only	0/1	9	20	29	./.	.	.	0	0	.	.	.	.	0	0	0	0	57	0	0	1	0	HWE_FALSE
chr22	12362410	12362752	ctctgcctagtttttatgtgaagatatttccttttccaccataggatccaaagcgatccaaatgtccacttgaagagtatacaataagagagtttcaaaactgctcaatcaaaagaatggtataactttatgagatgaattcacatctcacaaagaagtttcgcagattgcttctgtctaggttttatgtgaagatatttccttttctaccataggtcacaaagcgctccaaatgtccacttgcagattctacaaaatcagtgtttccaaactgctcaaccaaaagaaaggttcaactctgtgcgatgaatgcatgcatcacaaagaagtttctcagaatgct	c	-342	DEL	not_inherited	SAMPLE_2:SAMPLE_3:SAMPLE_4:SAMPLE_5:SAMPLE_6:SAMPLE_7:SAMPLE_8:SAMPLE_9:SAMPLE_10:SAMPLE_11:SAMPLE_12:SAMPLE_13:SAMPLE_14:SAMPLE_15:SAMPLE_16:SAMPLE_17:SAMPLE_18:SAMPLE_19:SAMPLE_20:SAMPLE_21:SAMPLE_22:SAMPLE_23:SAMPLE_24:SAMPLE_25:SAMPLE_26:SAMPLE_27:SAMPLE_28:SAMPLE_29:SAMPLE_30:SAMPLE_31:SAMPLE_32:SAMPLE_33:SAMPLE_34:SAMPLE_35:SAMPLE_36:SAMPLE_37:SAMPLE_38:SAMPLE_39:SAMPLE_40:SAMPLE_41:SAMPLE_42:SAMPLE_43:SAMPLE_44:SAMPLE_45:SAMPLE_46:SAMPLE_47:SAMPLE_48:SAMPLE_49:SAMPLE_50:SAMPLE_51:SAMPLE_52:SAMPLE_53:SAMPLE_54:SAMPLE_55:SAMPLE_57:SAMPLE	0/1	11	25	36	./.	.	.	0	0.491228	.	.	.	.	56	0.982456	56	0.491228	1	56	0	0.508772	0.491228	HWE_FALSE
chr22	13227312	13227412	N	<DEL>	-100	DEL	not_inherited	query_only	1/1	2	0	2	./.	.	.	0	0	.	.	.	.	0	0	0	0	57	0	0	1	0	HWE_FALSE
chr22	13253270	13253954	N	<DEL>	-684	DEL	not_inherited	query_only	0|1	10	18	28	./.	.	.	0	0	.	.	.	.	0	0	0	0	57	0	0	1	0	HWE_FALSE
chr22	13264961	13265303	N	<DEL>	-342	DEL	not_inherited	query_only	1/1	2	0	2	./.	.	.	0	0	.	.	.	.	0	0	0	0	57	0	0	1	0	HWE_FALSE
chr22	13265469	13265641	N	<DEL>	-172	DEL	not_inherited	query_only	1/1	2	0	2	./.	.	.	0	0	.	.	.	.	0	0	0	0	57	0	0	1	0	HWE_FALSE
chr22	13265974	13266121	N	<DEL>	-147	DEL	not_inherited	query_only	1/1	2	0	2	./.	.	.	0	0	.	.	.	.	0	0	0	0	57	0	0	1	0	HWE_FALSE
chr22	13266264	13266435	N	<DEL>	-171	DEL	not_inherited	query_only	1/1	2	0	2	./.	.	.	0	0	.	.	.	.	0	0	0	0	57	0	0	1	0	HWE_FALSE
chr22	13266714	13266884	N	<DEL>	-170	DEL	not_inherited	query_only	1/1	2	0	2	./.	.	.	0	0	.	.	.	.	0	0	0	0	57	0	0	1	0	HWE_FALSE
chr22	13267272	13267434	N	<DEL>	-162	DEL	not_inherited	query_only	1/1	2	0	2	./.	.	.	0	0	.	.	.	.	0	0	0	0	57	0	0	1	0	HWE_FALSE
chr22	13268021	13268875	N	<DEL>	-854	DEL	not_inherited	query_only	1/1	2	0	2	./.	.	.	0	0	.	.	.	.	0	0	0	0	57	0	0	1	0	HWE_FALSE
chr22	13271873	13271874	N	CTCTTTTTGTAGAATCTGCAAGTGGACATTTGGAGTACTTTGATGCCCCTGGTCGAAAAGGAAATATCTTAACTTAAAAACTAGACAGAAGCATTCTGAGAAACTTCTTTCTGATGTGTGAATTCATCTCACAGGGTTGAACCTCTCTTTTGAAAGACCAGTTTTGAAATATGCTTTTTGTAGAATCTGCAAGTAGAATTTTCGAGAGCCATGAGGCCTATGGTGGAATAGGAAATATCTCCACATAAAAACTAGACAGAAGAATTCTGAGAAACTTCTTTGTGATGTTTGCGATCATCTCACAGAGTTGAACCTTTCTTTTGATTGAGCAGTTTGGAAACAATCTTTTTGAAGTATCTGCAAGTGAACATTTGGAGAGCTTTGTGGTGTATGATAGGAAAGGAAATATCTTCACATAAAATCTAGAGGAAGAAATCTGAGAAATTCCTTTTGATGTGTGCATTCATGTCACAGAATTAAACCTTTCTTTTGATTGAGCAGTTTTGAAACTCTCTTTTTATAGAATCTGCAAGTGGACATTTGGAGCGCTTTGTGGCCTATGTTAGAAAAGGAAATATCATCATAAAAACTAGATAGAAGCAATCTGAGAAACTTTTTGTTGATGTGTGAATTCATCTCCCAGAATTGAAACATTCTTTTGATGGACAGAGTATTGATATACTCTTTTTGTAGTATCTGCAAGAGGATATTTCGAACTCATTGAGGCTTATGGTGGAACAGGAAATATCTTTACATAAAAACAAGGAAATATCTTTACATAAAAACTAGACAGAAGAATCCTGGGAAACTACTTTGTGATGTGTGCATTCATCTCACAGAGTTGAACCTTTCTTTTGAATGAGCAGTTTGGAAACTCTCTTTTTGTAGAATCTTCAAGTGGACATTTGGAGTGCTTTGAAGCCTATGGTAGAAAAGGAAATATCTTCACATAAAACCTAGAAAGAAGCAATCTGAGAAACTACTTTGTGATGTGTACATTCATCTCACCGTGTTAAAACTTTCCCTTGATTGAGGAGTTTTGAAACTTTCTTTTTGTACTATCTGCAAGTGGTCATTTGGAGCGCTTTGAGGACTATGGTGGAAAAGGAAATATCTTCACATAAAAGCCAGAGAGAATAATTCTGAGAAACTTCTTTGTGATGAGTGAGTTCATCTCACAATGTTGAACTTTTCTTTGATTGAGCAGTTTGGAAGCACTCTTTTTGTACAATCTGCAGATGGATATTTGGAGCACTATGCTGCCTATGGTAGAAAACGAAATATCTTCACATAAAATCTAGACAGAAGCAATCTGAGAAACTTCCGTTTGATGTGTCCGTTAATCTCACAGAGTTAAATCTTTCTTTTGATTGAGCAGTTTTGAAACTCTCTTTTTGTAGAATCTGCAAGTGGACATTTGGAGCGCTTTTAGAACTATGGTGGAAAAGGAAATATCTTCACATAAAAACGAGACAGAAGAATTCTGAGAAACTTCATTGTGATGTGTGTATTCATCTCACGGAGTTGAACCTTTCTTTTGATTGAGCAGTTTTGAAATGGTGTTTTTTTAGAATCTGCAAGTCAGCATTTGGAGCGCTTTGAGGACCATAGTGGAAAAGGAAATATCTTCACATAAAAACTAGACAGAAGAATTCTGACAGACATCTTTTTGATGGTGCGTTAATCTCACAAGGTTGAGCCTTTCTTTTGATTGAACAGTTTGAAGAATCTCTTTTTGTAGAATCTGCATGTGGACACTTGGAGCGCTTTGAGGCCTATGGTGGAAAAGGAAGTATCTTCACATAAAAACTAGACAGAAGAATTCTGAGAAACTTCTTTGTGATGTGTGCATTTATCTCACAGACTTGAACCTTTCTTTTGATTGAGCAGTTTGGAAACACTCTTTTTGTAGAATCTGCAAGGGGACATTTGGAGAGCGGTTTGCACTCTATGATAGAAAAGGAAATATCTTCACATAGAATATAGACAGAAGCAATCTGAGAAACTTGTTTCTCATGTGTGCATTCATCTCACAGAGTTAAACTTTCTTTTGATTGAGCAGTTTTTAAACTCTCTTTTTGTAGAATCTGCAAGTGGACATTTGGAGTGCTTTGAGGCCTATGGTGGAAAAGGAAATATCTTCATTTAAAAACTAAATAGAAGCATTCTGAGAAACCTCTTTGTGATGTTTGTATTCATCTCCCAGAGCTGAACCATTCTTTTTATGGACAGTTTTGAAATA	2242	INS	not_inherited	query_only	1/1	2	0	2	./.	.	.	0	0	.	.	.	.	0	0	0	0	57	0	0	1	0	HWE_FALSE
chr22	13275549	13275696	N	<DEL>	-147	DEL	not_inherited	query_only	1/1	2	0	2	./.	.	.	0	0	.	.	.	.	0	0	0	0	57	0	0	1	0	HWE_FALSE
chr22	13626868	13626869	N	AGAAGCATTCTCAGAAACTGCTCTGTGATGTCTGCATTCAAGTCACAGAGTTGAACATTGCCTTTCATAGAGCAGGTTTGAAACGCTCTTTTTGTAGTATATGGAAGTGGACGTTTCGGACAGTTTGAGGCCCATGGTGATAAAGGGAAATATCTTCCCCTACAAGCTAGAA	172	INS	not_inherited	40:SAMPLE_52:SAMPLE	1/1	3	0	3	./.	.	.	0	0.0350877	.	.	.	.	2	0.0350877	4	0.0350877	55	0	2	0.964912	0.0350877	HWE_FALSE
chr22	13808027	13808370	N	<DEL>	-343	DEL	not_inherited	query_only	0|1	2	2	4	./.	.	.	0	0	.	.	.	.	0	0	0	0	57	0	0	1	0	HWE_FALSE
chr22	13809371	13809713	N	<DEL>	-342	DEL	not_inherited	query_only	0/1	2	1	3	./.	.	.	0	0	.	.	.	.	0	0	0	0	57	0	0	1	0	HWE_FALSE
chr22	13842634	13842635	a	aAGCAATCTCAGAATCTTCTTTGGGATATATGCACGCAGCTAACAGAGTTGAACCTTTCTATTGACAGAGCAGTTTTGAAACAGTCTTTCTGTGGAATCTGCAAGTGGATATTTGGATAGCTTGGAGGATTTCGTTGGAAACGGGATTACGTATAAAAAGTAGACAGC	167	INS	not_inherited	40:SAMPLE_47:SAMPLE_51:SAMPLE	1/1	3	0	3	./.	.	.	0	0.0526316	.	.	.	.	3	0.0526316	6	0.0526316	54	0	3	0.947368	0.0526316	HWE_FALSE
chr22	14328474	14328475	N	GGACGTTTCGGACGGTTTGAGGCCCATGGTGATAAAGGGAATATCTTCCCGTAATAAAAACTAGAAAGAAGCATTCTGTGAAACTAGTTTGTGATGTGTGTACTCAACTAACAGAGTTGAACCTTTCTTTTTACAGAGCAGTATTGAAACACTCTTTTTGAAGAATCTGCGAGGGGATATTTGGATAGATTTCAGGATTTCGTTGGAAACGGGAATATCTTCATATAAAATCTCGACAGATGCATTCTCAGAAACTTCTTTGTGATATGTGCATACTAGTCACAGAGTTGAATATTCCCTTTCACAGAGCAGGTTTGAAACACTCTTTTTGTAGAATCTGGAAGTGGACATTTGGAGCGCCTTAACGCCTACGGTGAAAAGGGAAATATCTTCCCATAAAAACTAGACAGAAGCAATCTCAGAATCTTCTTTGGGATATATGCACGCAGCTAACACAGTTGAACCTTTCTATTGAAAGAGCAGTTTAGAAACAGTCTTTCTGTGGAATCTGCAAGTGGATATTTGGATAGCTGTGAAGATTTCGTTGGAAACAGGAATATCTTCCTATAAAGGCTGGACAGAAGCATTCTCAGAAACTGCTCTGTGATGTCTGCATTCAAGTCACAGAATTGAACATTGCCTTTCATAGAGCAGGTTTGAAACGCTCTTTTTGTACTATATGGAAGA	687	INS	not_inherited	query_only	0|1	2	1	3	./.	.	.	0	0	.	.	.	.	0	0	0	0	57	0	0	1	0	HWE_FALSE
chr22	14607344	14607345	N	GAACCTTTCTTTTTACCAAGCAGCTTTGAAACTCTCTTTTTGTAGGATCTGCAAATTGATATTCAGATTGCTTTAACGATATCGTTGGAAAAGGGAATATCCTCATACAAAATCTAGACAGAAGCATTCTCACAAACTTCTTTGTGATGTGTGTCCTCAACTAACAGAGTT	171	INS	not_inherited	query_only	1/1	2	0	2	./.	.	.	0	0	.	.	.	.	0	0	0	0	57	0	0	1	0	HWE_FALSE
chr22	14636865	14636866	N	TTCTCAGAAATTACTTTCTGATGTCTGCATTCAACTCATAGAGTTGAAGATTCCCTTTCATAGAGCAGGTTTGAAACACTCGTTCTGGAGTATCTGGATGTGGACATTTGGAGCGCTTTGATGCCTACGGTGGAAAAGTAAATATCTTCCCATAAAAACGAGACAGAAGCG	171	INS	not_inherited	query_only	1/1	2	0	2	./.	.	.	0	0	.	.	.	.	0	0	0	0	57	0	0	1	0	HWE_FALSE
chr22	14640434	14640435	c	cAGCATTCTCAGAAACTTCTTTCTGATGTCTGCATTCAACTCATAGAGTTGAAGATTCCCTTTCATAGAGCAGGTTTGAAACACTCTTTTTCTGGAGTATCTGGATGTGGACATTTGGAGCGCTTTGATGCCTACGGGTGAAAAAGTAAATATCTTCCCATAAAAACGAGACAG	173	INS	not_inherited	53:SAMPLE	1/1	3	0	3	./.	.	.	0	0.0175439	.	.	.	.	1	0.0175439	2	0.0175439	56	0	1	0.982456	0.0175439	HWE_FALSE
chr22	14644106	14644107	N	TTCTGCAAGTGGATATTTGGATTGCTTTGAGGATTTCGTTGGAAGCGGGAATTCGTATAAAAACTAGACAGCAGCATTCCCAGAAATTTCTTTCGGATATTTCCATTCGACTCATAGAGATGAACATGGCCTTTCATAGAGCAGGTTTGAAACACTCTTTTTGTAGTTTGTGGAAGTGGACATTTCGATCGCCTTGACGCCTACGGTGAAAAAGGAAATATCTTCCCATAAAAAATAGACAGAAGCATTCTCAGAAACTTGTTGGTGATATGTGTCCTCAACTAACAGAGTTGAACTTTGCCATTGATAGAGAGCAGTTTTGAAACACTCTTTTTGTGG	339	INS	not_inherited	query_only	1|0	2	2	4	./.	.	.	0	0	.	.	.	.	0	0	0	0	57	0	0	1	0	HWE_FALSE
chr22	14651199	14651371	N	<DEL>	-172	DEL	not_inherited	query_only	1|0	2	3	5	./.	.	.	0	0	.	.	.	.	0	0	0	0	57	0	0	1	0	HWE_FALSE
chr22	14652390	14652391	N	GAACCTTTCTTTTTACAGAGCAGCTTTGAAACTCTATTTTTGTGGATTCTGCAAATGGATATTTAGATTGCTTTAACGATATCGTTGGAAAAGGGAATATCGTCATACAAAATCTAGACAGAAGCATTCTCACAAACTTCTTTGTGACGTGTGTCCTCAACTAACAGAGTT	171	INS	not_inherited	query_only	1|0	2	2	4	./.	.	.	0	0	.	.	.	.	0	0	0	0	57	0	0	1	0	HWE_FALSE
chr22	14652778	14652779	N	TCTGCAAGTGGATATTTGGATTGCTTTGAGGATTTCGTTGGAAACGGGAATTCGTATAAAAACTAGACAGCAGCATTCCCAGAAGTTTCTTTCGGATATTTCCATTCGACTCATAGAGATGAACATGGCCTTTCATAGAGCAGGTTTGAAACACTCTTTTTGTAGTTTGTGGAAGTGGACATTTCGATCGCCTTGACGCCTACGGTGAAAAAGGAAATATCTTCCCATAAAAAATAGACAGAAGCATTCTCAGAAACTTGTTGGTGATATGTGTCCTCAACTAACAGAGTTGAACTTTGCCATTGATAGAGAGCAGTTTTGAAACACTCTTTTTGTGG	339	INS	not_inherited	query_only	1|0	2	2	4	./.	.	.	0	0	.	.	.	.	0	0	0	0	57	0	0	1	0	HWE_FALSE
chr22	14827391	14827392	c	cAGCATTCTCAGAAATTTCTTTGTGATGTCTGCATTCAACTCATAGAGTTGAACATTCCCTTTCATAGGGCAGGTTTGGAAACACTCTTTCTGTAGTATCTGGATGTGGACATTTGGAGCGCTTTGATGCCTACGGTAGAAAAGTAAATATCTTCCCATAAAAACGACACAGA	172	INS	not_inherited	40:SAMPLE_41:SAMPLE_42:SAMPLE_43:SAMPLE_44:SAMPLE_47:SAMPLE_50:SAMPLE_53:SAMPLE_54:SAMPLE	0|1	2	1	3	./.	.	.	0	0.105263	.	.	.	.	9	0.157895	12	0.105263	48	6	3	0.894737	0.105263	HWE_FALSE
chr22	14917841	14917842	N	AGCATTCTCAGAAATTTCTTTCTGATGTCTGCATTCAACTCATAGAGTTGAAGATTCCCTTTCATAGAGCAGGTTTGAAACACTCTTTCTGGAGTATCTGGATGTGGACATTTGGAGCGCTTTGATGCCTACGGTGAAAAAGTAAATATCTTCCCATAAAAACGAGACAGA	171	INS	not_inherited	40:SAMPLE_43:SAMPLE_49:SAMPLE_50:SAMPLE	0|1	2	1	3	./.	.	.	0	0.0701754	.	.	.	.	4	0.0701754	8	0.0701754	53	0	4	0.929825	0.0701754	HWE_FALSE
chr22	15218721	15219190	N	<DEL>	-469	DEL	not_inherited	query_only	1/1	2	0	2	./.	.	.	0	0	.	.	.	.	0	0	0	0	57	0	0	1	0	HWE_FALSE
chr22	15355632	15355727	tctggaatcctatgtgagggtaacactctcagaacccaacggcagcgttttggaaacattttgagggtcaaatattaagacccttatggtagtgtc	t	-95	DEL	not_inherited	SAMPLE_2:SAMPLE_3:SAMPLE_4:SAMPLE_5:SAMPLE_6:SAMPLE_7:SAMPLE_8:SAMPLE_9:SAMPLE_10:SAMPLE_11:SAMPLE_12:SAMPLE_13:SAMPLE_14:SAMPLE_15:SAMPLE_16:SAMPLE_17:SAMPLE_18:SAMPLE_19:SAMPLE_20:SAMPLE_21:SAMPLE_22:SAMPLE_23:SAMPLE_24:SAMPLE_25:SAMPLE_26:SAMPLE_27:SAMPLE_28:SAMPLE_29:SAMPLE_30:SAMPLE_31:SAMPLE_32:SAMPLE_33:SAMPLE_34:SAMPLE_35:SAMPLE_36:SAMPLE_37:SAMPLE_38:SAMPLE_39:SAMPLE_40:SAMPLE_41:SAMPLE_42:SAMPLE_43:SAMPLE_44:SAMPLE_45:SAMPLE_46:SAMPLE_47:SAMPLE_48:SAMPLE_49:SAMPLE_50:SAMPLE_51:SAMPLE_52:SAMPLE_53:SAMPLE_54:SAMPLE_55:SAMPLE_56:SAMPLE_57:SAMPLE	0|1	13	29	42	./.	.	.	0	0.947368	.	.	.	.	57	1	108	0.947368	0	6	51	0.0526316	0.947368	HWE_TRUE
chr22	15417786	15417872	tctgaatgtatgtccatcacaaaggattccagaacactgctgttgggttctgagtgtttctcccctacataggaatccagaacactg	t	-86	DEL	not_inherited	SAMPLE_2:SAMPLE_3:SAMPLE_6:SAMPLE_7:SAMPLE_8:SAMPLE_9:SAMPLE_10:SAMPLE_11:SAMPLE_12:SAMPLE_13:SAMPLE_14:SAMPLE_15:SAMPLE_16:SAMPLE_17:SAMPLE_18:SAMPLE_19:SAMPLE_21:SAMPLE_22:SAMPLE_23:SAMPLE_24:SAMPLE_25:SAMPLE_26:SAMPLE_27:SAMPLE_28:SAMPLE_29:SAMPLE_30:SAMPLE_31:SAMPLE_32:SAMPLE_33:SAMPLE_34:SAMPLE_35:SAMPLE_36:SAMPLE_37:SAMPLE_38:SAMPLE_39:SAMPLE_40:SAMPLE_41:SAMPLE_42:SAMPLE_43:SAMPLE_45:SAMPLE_46:SAMPLE_47:SAMPLE_50:SAMPLE_53:SAMPLE_54:SAMPLE_55:SAMPLE_56:SAMPLE_57:SAMPLE	0|1	14	15	29	./.	.	.	0	0.631579	.	.	.	.	49	0.859649	72	0.631579	8	26	23	0.368421	0.631579	HWE_FALSE
chr22	15457861	15458004	acactgctgctggcttctgagtgtttgtccctcacatagaattccagaatactgctacgaagttctgaaagtttgtcgctgacataagattccagaacactgctgctgtgttctgagtggttttccctcatataggatccagat	a	-143	DEL	not_inherited	SAMPLE_2:SAMPLE_3:SAMPLE_4:SAMPLE_5:SAMPLE_6:SAMPLE_7:SAMPLE_8:SAMPLE_9:SAMPLE_10:SAMPLE_11:SAMPLE_12:SAMPLE_13:SAMPLE_14:SAMPLE_15:SAMPLE_16:SAMPLE_17:SAMPLE_18:SAMPLE_19:SAMPLE_21:SAMPLE_22:SAMPLE_23:SAMPLE_24:SAMPLE_25:SAMPLE_26:SAMPLE_27:SAMPLE_28:SAMPLE_29:SAMPLE_30:SAMPLE_31:SAMPLE_32:SAMPLE_33:SAMPLE_34:SAMPLE_35:SAMPLE_36:SAMPLE_37:SAMPLE_38:SAMPLE_39:SAMPLE_40:SAMPLE_41:SAMPLE_42:SAMPLE_43:SAMPLE_44:SAMPLE_45:SAMPLE_46:SAMPLE_47:SAMPLE_50:SAMPLE_53:SAMPLE_54:SAMPLE_55:SAMPLE_56:SAMPLE_57:SAMPLE	0|1	9	13	22	./.	.	.	0	0.763158	.	.	.	.	52	0.912281	87	0.763158	5	17	35	0.236842	0.763158	HWE_TRUE
chr22	15470044	15470045	c	cCTCACATACGATTCCAGAACACTGCTACTAGTTTCTGAATGTTTGTGCCTCACAAAGGATTCTAGAACACTGCTGCTGGGTTCTGAGTGTTTGTCACTCACATAGGATTCCGGAACACTGCTTCTGGCTTCTGAGTGTTTGTCCCTCACATGGGATTCCAAAACACTGCTGCTGGGTTCAGAGTGTTTGTTCCTTACATGGGATTCCAAAACACTGCTGCTGGGTTCAGAGTGTTTGTCT	240	INS	not_inherited	SAMPLE_2:SAMPLE_3:SAMPLE_4:SAMPLE_5:SAMPLE_6:SAMPLE_7:SAMPLE_8:SAMPLE_9:SAMPLE_10:SAMPLE_11:SAMPLE_12:SAMPLE_13:SAMPLE_14:SAMPLE_15:SAMPLE_16:SAMPLE_17:SAMPLE_18:SAMPLE_19:SAMPLE_21:SAMPLE_22:SAMPLE_23:SAMPLE_24:SAMPLE_25:SAMPLE_26:SAMPLE_27:SAMPLE_28:SAMPLE_30:SAMPLE_31:SAMPLE_32:SAMPLE_33:SAMPLE_34:SAMPLE_35:SAMPLE_36:SAMPLE_37:SAMPLE_38:SAMPLE_39:SAMPLE_40:SAMPLE_41:SAMPLE_42:SAMPLE_43:SAMPLE_44:SAMPLE_45:SAMPLE_46:SAMPLE_47:SAMPLE_50:SAMPLE_53:SAMPLE_54:SAMPLE_55:SAMPLE_56:SAMPLE_57:SAMPLE	0|1	10	18	28	./.	.	.	0	0.754386	.	.	.	.	51	0.894737	86	0.754386	6	16	35	0.245614	0.754386	HWE_TRUE
chr22	15765150	15765321	gttgtgatgtgtgcattcatctcacagagttgaacctttcttttgattgagaagttttgaaacactctttttgcagaaaccgcgagtggatatttggagcgctttgaggcctgtggtggaaaagggaatatcttcacataaaaactagacagaagcattctgagaaacttct	g	-171	DEL	not_inherited	SAMPLE_2:SAMPLE_3:SAMPLE_4:SAMPLE_6:SAMPLE_7:SAMPLE_8:SAMPLE_9:SAMPLE_12:SAMPLE_13:SAMPLE_14:SAMPLE_17:SAMPLE_18:SAMPLE_19:SAMPLE_20:SAMPLE_21:SAMPLE_23:SAMPLE_24:SAMPLE_25:SAMPLE_26:SAMPLE_28:SAMPLE_29:SAMPLE_30:SAMPLE_31:SAMPLE_32:SAMPLE_34:SAMPLE_35:SAMPLE_38:SAMPLE_39:SAMPLE_41:SAMPLE_43:SAMPLE_44:SAMPLE_45:SAMPLE_46:SAMPLE_47:SAMPLE_48:SAMPLE_49:SAMPLE_50:SAMPLE_52:SAMPLE_53:SAMPLE_55:SAMPLE_57:SAMPLE	0/1	11	37	48	./.	.	.	0	0.385965	.	.	.	.	42	0.736842	44	0.385965	15	40	2	0.614035	0.385965	HWE_FALSE
chr22	15883864	15884321	TGCCTGAGTGTCCACTTGGGGCCAAATGACTACTGGGGGCCTGAATGTCAACCTAGAATCTGAGGTTTACTAGGGGCCTAGGTATCCACCTGGGGCCCAATGTCCACCTGAGCCTGGGTGTCAACCTGGGGCCTGGTGTAAACCTCTAGTTCAGTGTCCACCTTGGGCTTGATGTCAACCTGGAGCCTGATGTCCACCTGAGTACTGATGTCCATCTTGATCCTGGGTGTCCACTTTAGGCCTGATGTCCAGCTGGGGCATAGGTGCCCACTGGGGGCTTCCTGTTAACCTGGGGACTGGTGTCATTCTGGGGCCTAATAACCACATGGGTTGTGTTATTCACCTAGGGCCTGGTGTCCACTTGGGGCTTGAGTGTAACCCTGGACCTGGCATCCACATAGGACTTGGGTATCAAACTGGCCCCTTGGTGTCCAGTTAAGACATCATGTGAACCTGGC	T	-457	DEL	not_inherited	SAMPLE_2:SAMPLE_3:SAMPLE_4:SAMPLE_5:SAMPLE_7:SAMPLE_11:SAMPLE_12:SAMPLE_14:SAMPLE_15:SAMPLE_16:SAMPLE_17:SAMPLE_18:SAMPLE_19:SAMPLE_20:SAMPLE_21:SAMPLE_24:SAMPLE_25:SAMPLE_27:SAMPLE_28:SAMPLE_29:SAMPLE_30:SAMPLE_32:SAMPLE_33:SAMPLE_38:SAMPLE_39:SAMPLE_40:SAMPLE_41:SAMPLE_42:SAMPLE_43:SAMPLE_44:SAMPLE_45:SAMPLE_46:SAMPLE_48:SAMPLE_51:SAMPLE_52:SAMPLE_53:SAMPLE_57:SAMPLE	0/1	10	3	13	./.	.	.	0	0.473684	.	.	.	.	38	0.666667	54	0.473684	19	22	16	0.526316	0.473684	HWE_FALSE
chr22	15946914	15946915	g	gAATGTTCAGCTGTGTGACTTCAATGCAAACATCACTAAGTGGTTTCTGAGAATGTTTCTGTCTAGATTTTATCTGAAGATATTCCCGTTTCCAACGAAATCGGTAAAGGTATCCAAATATCCACTTGAAGATTCTACAAAAAGATTGTTTCAGAACAGCTCTATCAAAAGAAAGGTTCAACTGTGTTAGTTGAGTACACACATCACAAACAAGTTTCTGAGAATTCTTCTGTGTAGTTTTTAGGGGAAGATATTTCCATTTTCACCATAGGCCTCAAAGTGCTCCAAATATCCACTTCCAGATACCACAGAAAGAGTGTTTCAAACCTGCTCTATCAAATGGAATGTTCAACTCTGTAACTTGAAAACAGTCATTACAAGGAAGTTACTGAGAATCTTTCTGTATAGATTTTAAATGAAGATATTCCCGTTTCCAAGGAAATCCTGAAAGCTATCCAAATATCCACTTGCAGGTTCTTCAAAAAGAGTGTTTCAAAACAGCTCTACCAAAAGAAAGGTTCAACTCTGTTAGTTGAGTTCACACATCAGAAACCAGTTTCTGAGAATTCTTCTGTCTAGTTAATTTGGGAAGATATTTCCATTTTCACCGAAGGTCTCAAATCCTTCCAAATGTCCACTTCCAGATACCACAGAAAGAGTGTTTCAAACCAGCCCTATGAAATGGAATGTTCAACTCTGTGAGTTGTATGAAAACATCACTAAGAAGTTTCTGAGAATGCTTCTGTCTAGATTTTCAAGATAATCCCGTTTCCAACGAAATGCTCCAATTATCCACTTTCAGATTCTACAAAAAGAGTGTTTAAGACCTGCACAATCAAAAGAAAATTTCAACTGTGTTAGTTGAGTACACACATCACAAACTAGTTTCTGAGAATTCTTCTGTGTAATTTTGAAGGGGAAGATATTTCCATTTGCATCATAGGCCTCAAAGCGCTGCAAATGTCCAGTTCCAGAAACTACAAAAAGAGTGTTTCAAACCTGCTGTATGAAATGC	1014	INS	not_inherited	22:SAMPLE_31:SAMPLE_50:SAMPLE	0/1	20	19	39	./.	.	.	0	0.0263158	.	.	.	.	3	0.0526316	3	0.0263158	54	3	0	0.973684	0.0263158	HWE_FALSE
chr22	15994440	15994441	a	aTCAAAAGAAAGGTTCAGCTCTGTGAGTTGAATGCACACATCGCAAAGAAGTTTCTGAGAATGCTTCTCTCCAGTATTTTGTGAAGATATTTCCTTTTCCACCATAGGCTTCAAACCTCTCCAAATGTCCACATACAGATTCTACAAAAAGAGTGTTTCAAAACTGCTCTATCAAAAGAAAGGTTCAACTCTGTGGGTTGAATGCACACATCACAAAGAAGTTTCTGGGAATGCTTCTGTCTAGTTTTTATGTGAAGCTATTCCCGTATCCAACGAAGGCCTCAAGGCAGTCCACATATCCACTTGCAGATCCTGCAAAAAGAGTGTTTCAAAACTGCTCTATCAAAGGAAATGTTCAATTCTGTGAGTTGAATGTTCACATCACAAAGAAGTTTCTGAGAATGCTGCTGTCTAGTATTTATGTGAAAATATTCCCGTTTCCAACGAAGGCCTCTACACGTTCCAAATATCCACTTGCAGATTATCCTGAGAGTGTTTCAAAAATGCCCTATAACAAAGTATGTCCAACTCTGTGAGTTGAATGCAAACATCACAAAGAAGTTTCTGAGAATGCTTCTGTCTAGTTTTTATGGGAAGATATTTCCTTTTCCACCATAGGCCTCAAAGCTCTCCAAATGTCCACATGCAGATTCTGCGAAAATAGTGTTGCTAACCTGCTCT	680	INS	not_inherited	SAMPLE_3:SAMPLE_11:SAMPLE_13:SAMPLE_14:SAMPLE_15:SAMPLE_34:SAMPLE_37:SAMPLE_40:SAMPLE_41:SAMPLE_46:SAMPLE_50:SAMPLE_51:SAMPLE_52:SAMPLE_57:SAMPLE	1|0	11	17	28	./.	.	.	0	0.131579	.	.	.	.	15	0.263158	15	0.131579	42	15	0	0.868421	0.131579	HWE_FALSE
chr22	16310347	16310403	N	<DEL>	-56	DEL	not_inherited	query_only	1/1	2	0	2	./.	.	.	0	0	.	.	.	.	0	0	0	0	57	0	0	1	0	HWE_FALSE
chr22	16523123	16523124	a	aTATATATATATATACATATATATATGTATATATATATATACATATATATATATGTATATATATATATACATATATATATATG	82	INS	not_inherited	12:SAMPLE	0/1	12	40	52	./.	.	.	0	0.00877193	.	.	.	.	1	0.0175439	1	0.00877193	56	1	0	0.991228	0.00877193	HWE_FALSE
chr22	16545737	16546931	AGAGTGAGGTCTGGGTACCCCAGGCATTGCCAGACCACAGGATCTGATGTTGGCCAAGAGGCCATGGCCACAGGCTTTCTGAGGCTGGCCCCCAGGGAGAGTTCAATCCTACTATCCCAATTCCTGCCCTGGCCTTACCTCTCAGTCTCACCGAGCCGCTTCATGGTCCCAAACCAGGACCCAAAGTGCTGCTTGGGCTCAAGGTTGTAATTATTTGCAGCCAACTGGAGCAGCGGACCTCCTTGCTTACTTTGAATTCCTGGGTCCAGAGGGAAAAACTGGGTGGTGACAGGGACTGGACAGGGATGCCACAGGGGCCCTGTGGGGGTGTTAGATGGGGTGGTGGCCAGTCTTTGCTCATAGGGGACCCCCTCCTCCTCTCCAGTCCTGTCCCCACCTGTTCTCAGAGCTGGCTCAAACAGCAGCTCCTCCAGGAAGGTGTCCTTGGTTTCAACCTGGTACTCCCACCTGCAGGTCTTCCTGGAGTGTCTCCTCTTTGTCTCTGTCTCCCCATAAATCTAAGACAAGGGGGATGGATTTGCCCACTGCTACTCACCGTATGACTCTTGTGAGGTTGATCAGTCTCCCCTGGAAGGCCAACAGCTGAAGTCCATCAGAAAGGGTCCTCTGGCCCAGAGCCAGCCCCTGCCCACCCCTGTCATGCTGCACCCAGGGTGCAAGAGCCAGATCAGGTCTGGGTGACAGGAGGGGTATAGAGGGGCTGAGGCTCAGGGGCCTTCTAGCCTAACTTGTCTGGAGACAGTTGGGGAAACTGAGACCCCAAGCAGGGAGGTATGGCTCTGGGAGATTATTCTCATTAACCTGGAACATTTTTGCAAGCTGCTAGGTGTAGGAAGTCTGTCACAGGTAAGAGAAATGCTTTTTGAGAGCATGAGAGACAGCAGGgttgtgacaatatagaaataccactgtgcagattcaccaattgccaccaccaggagccccctgagagtcattgcagatgcacagccctcccctgcaacccctggacctccccatggtctggcacctaaagggttatgcctcatggcaggaatcagggccctcaggatgccctgcccactccaaggtctgtctctgctctgattggtcACTGACATTCAGATTGTCACCCAAATATAAGGATGTTAGCAGAAAGACTCATTCAATACAAGTGGACTCAGACATAGATAGG	A	-1194	DEL	not_inherited	SAMPLE_2:SAMPLE_4:SAMPLE_5:SAMPLE_7:SAMPLE_8:SAMPLE_9:SAMPLE_10:SAMPLE_11:SAMPLE_12:SAMPLE_13:SAMPLE_14:SAMPLE_15:SAMPLE_16:SAMPLE_17:SAMPLE_18:SAMPLE_21:SAMPLE_24:SAMPLE_25:SAMPLE_26:SAMPLE_27:SAMPLE_30:SAMPLE_31:SAMPLE_32:SAMPLE_36:SAMPLE_37:SAMPLE_38:SAMPLE_40:SAMPLE_41:SAMPLE_42:SAMPLE_44:SAMPLE_46:SAMPLE_49:SAMPLE_50:SAMPLE_52:SAMPLE_53:SAMPLE	0/1	25	15	40	./.	.	.	0	0.473684	.	.	.	.	36	0.631579	54	0.473684	21	18	18	0.526316	0.473684	HWE_FALSE
chr22	16765164	16765165	t	tAAAGAACTCCTGGGGAGGAGCCAAGATGGCCGAATAGGAACAGCTCAGGTCTACAGCTCCCAGCGTGAGCGACGCAGAAGACGGTGATTTCTGCATTTCCATCTGAGGTACCGGGTTCATCTCACTAGGGAGTGCCAGACAGTGGGCGCAGGCCAGTGTGTGTGCGCACCATGCGCGAGCCGAAGCAGGGCGAGGCATTGCCTCACCTGGGAAGCGCAAGGGGTCAGGGAGTTCCCTTTCCGAGTCAAAGAAAGGGGTGACGGTCGCACCTGGAAAATCGGGTCACTCCCACCCGAATATTGCGCTTTTCAGACCGGCTTAAGAAACGGCGCACCACGAGACTATATCCCACACCTGGCTCGGAGGGTCCTACGCCCACGGAATCTCGCTGATTGCTAGCACAGCAGTCTGAGATCAAACTGCAAGGCGGCAACGAGGCTGGGGGAGGGGCGCCCGCCATTGCCCAGGCTTGCTTAGGTAAACAAAGCAGCCGGGAAGCTCGAACTGGGTGGAGCCCACCACAGCTCAAGGAGGCCTGCCTGCCTCTGTAGGCTCCACCTCTGGGGGCAGGGCACAGACAAACAAAAAGACAGCAGTAACCTCTGCAGACTTAAGTGTCCCTGTCTGACAGCTTTGAAGAGAGCAGTGGTTCTCCCAGCACGCAGCTGGAGATCTGAGAACGGGCAGACTGCCTCCTCAAGTGGGTCCCTGACTCCTGACCCCCGAGCAGCCTAACTGGGAGGCACCCCCCAGCAGGGGCACACTGACACCTCACACGGCAGGGTATTCCAACAGACCTGCAGCTGAGGGTCCTGTCTGTTAGAAGGAAAACTAACAACCAGAAAGGACATCTACACCGAAAACCCATCTGTACATCACCATCATCAAAGACCAAAAGTAGATAAAACCACAAAGATGGGGAAAAAACAGAACAGAAAAACTGGAAACTCTAAAACGCAGAGCGCCTCTCCTCCTCCAAAGGAACGCAGTTCCTCACCAGCAACAGAACAAAGCTGGATGGAGAATGATTTTGACGAGCTGAGAGAAGAAGGCTTCAGACGATCAAATTACTCTGAGCTACGGGAGGACATTCAAACCAAAGGCAAAGAAGTTGAAAACTTTGAAAAAAATTTAGAAGAATGTATAACTAGAATAACCAATACAGAGAAGTGCTTAAAGGAGCTGATGGAGCTGAAAACCAAGGCTCGAGAACTACGTGAAGAATGCAGAAGCCTCAGGAGCCGATGCGATCAACTGGAAGAAAGGGTATCAGCAATGGAAGATGAAATGAATGAAATGAAGCGAGAAGGGAAGTTTAGAGAAAAAAGAATAAAAAGAAATGAGCAAAGCCTCCAAGAAATATGGGACTATGTGAAAAGACCAAATCTACGTCTGATTGGTGTACCTGAAAGTGATGTGGAGAATGGAACCAAGTTGGAAAACACTCTGCAGGATATTATCCAGGAGAACTTCCCCAATCTAGCAAGGCAGGCCAACGTTCAGATTCAGGAAATACAGAGAACACCACAAAGATACTCCTCGAGAAGAGCAACTCCAAGACACATAATTGTCAGATTCACCAAAGTTGAAATGAAGGAAAAAATGTTAAGGGCAGCCAGAGAGAAAGGTCGGGTTACCCTCAAAGGAAAGCCCATCAGACTAACAGCAGATCTCTCGGCAGAAACCCTACAAGCCAGAAGAGAGTGGGGGCCAATATTCAACATTCTTAAAGAAAAGAATTTTCAACCCAGAATTTCATATCCAGCCAAACTAAGCTTCATAAGTGAAGGAGAAATAAAATACTTTATAGACAAGCAAATGTTGAGAGATTTTGTCACCACCAGGCCTGCCCTAAAAGAGCTCCTGAAGGAAGCGCTAAACATGGAAAGGAACAACCGGTACCAGCCGCTGCAAAATCATGCCAAAATGTAAAGACCATCGAGACTAGGAAGAAACTGCATCAACTAATGAGCAAAATCACCAGCTAACATCATAATGACAGGATCAAATTCACACATAACAATATTAACTTTAAATATAAATGGACTAAATTCTGCAATTAAAAGACACAGACTGGCAAGTTGGATAAAGAGTCAAGACCCATCAGTGTGCTGTATTCAGGAAATCCATCTCACGTGCAGAGACACACATAGGCTCAAAATAAAAGGATGGAGGAAGATCTACCAAGCAAATGGAAAACAAAAAAAGGCAGGGGTTGCAATCCTAGTCTCTGATAAAACAGACTTTAAACCAACAAAGATCAAAAGAGACAAAGAAGGCCATTACATAATGGTAAAGGGATCAATTCAACAAGAGGAGCTAACTATCCTAAATATTTATGCACCCAATACAGGAGCACCCAGATTCATAAAGCAAGTCCTCAGTGACCTACAAAGAGACTTAGACTCCCACACATTAATAATGGGAGACTTTAACACCCCACTGTCAACATTAGACAGATCAACGAGACAGAAAGTCAACAAGGATACCCAGGAATTGAACTCAGCTCTGCACCAAGCAGACCTAATAGACATCTACAGAACTCTCCACCCCAAATCAACAGAATATACATTTTTTTCAGCACCACACCACACCTATTCCAAAATTGACCACATAGTTGGAAGTAAAGCTCTCCTCAGCAAATGTAAAAGAACAGAAATTATAACAAACTATCTCTCAGACCACAGTGCAATCAAACTAGAACTCAGGATTAAGAATCTCACTCAAAGCCGCTCAACTACATGGAAACTGAACAACCTGCTCCTGAATGACTACTGGGTACATAACGAAATGAAGGCAGAAATAAAGATGTTCTTTGAAACCAACGAGAACAAAGACACCACATACCAGAATCTCTGGGACGCATTCAAAGCAGTGTGTAGAGGGAAATTTATAGCACTAAATGCCTACAAGAGAAAGCAGGAAAGATCCAAAATTGACACCCTAACATCACAATTAAAAGAACTAGAAAAGCAAGAGCAAACACATTCAAAAGCTAGCAGAAGGCAAGAAATAACTAAAATCAGAGCAGAACTGAAGGAAATAGAGACACAAAAAACCCTTCAAAAAATCAATGAATCCAGGAGCTGGTTTTTTGAAAGGATCAACAAAATTGATAGACCGCTAGCAAGACTAATAAAGAAAAAAAGAGAGAAGAATCAAATAGACACAATAAAAAATGATAAAGGGGATATCACCACCGATCCCACAGAAATACAAACTACCATCAGAGAATACTACAAACACCTCTACGCAAATAAACTAGAAAATCTAGAAGAAATGGATACATTCCTCGACACATACACTCTCCCAAGACTAAACCAGGAAGAAGTTGAATCTCTGAATAGACCAATAACAGGCTCTGAAATTGTGGCAATAATCAATAGTTTACCAACCAAAAAGAGTCCAGGACCAGATGGATTCACAGCCGAATTCTACCAGAGGTACATGGAGGAACTGGTACCATTCCTTCTGAAACTATTCCAATCAATAGAAAAAGAGGGAATCCTCCCTAACTCATTTTATGAGGCCAGCATCATTCTGATACCAAAGCCGGGCAGAGACACAACCAAAAAAGAGAATTTTAGACCAATATCCTTGATGAACATTGATGCAAAAATCCTCAATAAAATACTGGCAAACCGAATCCAGCAGCACATCAAAAAGCTTATCCACCATGATCAAGTGGGCTTCATCCCTGGGATGCAAGGCTGGTTCAATATACGCAAATCAATAAATGTAATCCAGCATATAAACAGAGCCAAAGACAAAAACCACATGATTATCTCAATAGATGCAGAAAAAGCCTTTGACAAAATTCAACAACCCTTCATGCTAAAAACTCTCAATAAATTAGGTATTGATGGGACGTATTTCAAAATAATAAGAGCTATCTATGACAAACCCACAGCCAATATCATACTGAATGGGCAAAAACTGGAAGCATTCCCTTTGAAAACCGGCACAAGACAGGGATGCCCTCTCTCACCGCTCCTATTCAACATAGTGTTGGAAGTTCTGGCCAGGGCAATCAGGCAGGAGAAGGAAATAAAGGGTATTCAATTAGGAAAAGAGGAAGTCAAATTGTCCCTGTTTGCAGACGACATGATTGTTTATCTAGAAAACCCCATCGTCTCAGCCCAAAATCTCCTTAAGCTGATAAGCAACTTCAGCAAAGTCTCAGGATACAAAATCAATGTACAAAAATCACAAGCATTCTTATACACCAACAACAGACAAACAGAGAGCCAAATCATGGGTGAACTCCCATTCACAATTGCTTCAAAGAGAATAAAATACCTAGGAATCCAACTTACAAGGGATGTGAAGGACCTCTTCAAGGAGAACTACAAACCACTGCTCAAGGAAATAAAAGAGGAGACAAACAAATGGAAGAACATTCCATGCTCATGGGTAGGAAGAATCAATATCGTGAAAATGGCCATACTGCCCAAGGTAATTTACAGATTCAATGCCATCCCCATCAAGCTACCAATGACTTTCTTCACAGAATTGGAAAAAACTACTTTAAAGTTCATATGGAACCAAAAAAGAGCCCGCATTGCCAAGTCAATCCTAAGCCAAAAGAACAAAGCTGGAGGCATCACACTACCTGACTTCAAACTATACTACAAGGCTACAGTAACCAAAACAGCATGGTACTGGTACCAAAACAGAGATATAGATCAATGGAACAGAACAGAGCCCTCAGAAATAATGCCGCATATCTACAACTATCTGATCTTTGACAAACCTGAGAAAAACAAGCAATGGGGAAAGGATTCCCTATTTAATAAATGGTGCTGGGAAAACTGGCTAGCCATATGTAGAAAGCTGAAACTGGATCCCTTCCTTACACCTTATACAAAAATCAATTCAAGATGGATTAAAGATTTAAACGTTAAACCTAAAACCATAAAAACCCTAGAAGAAAACCTAGGCATTACCATTCAGGACATAGGCGTGGGCAAGGACTTCATGTCCAAAACACCAAAAGCAATGGCAACAAAAGACAAAATTGACAAATGGGATCTAATTAAACTAAAGAGCTTCTGCACAGCAAAAGAAACTACCATCAGAGTGAACAGGCAACCTACAGAATGGGAGAAAATTTTCGCAACCTACTCATCTGACAAAGGGCTAATATCCAGAATCTACAATGAACTCAAACAAATTTACAAGAAAAAAACAAACAACCCCATCAAAAAGTGGGCGAAGGACATGAACAGACACTTCTCAAAAGAAGACATTTATGCAGTCAAAAAACACATGAAGAAATGCTCATCATCACTGGCCATCAGAGAAATGCAAATCAAAACCACTATGAGATATCATCTCACACCAGTTAGAATGGCAATCATTAAAAAGTCAGGAAACAACAGGTGCTGGAGAGGATGCGGAGAAATAGGAACACTTTTACACTGTTGGTGGGACTGTAAACTAGTTCAACCATTGTGGAAGTCAGTGTGGCGATTCCTCAGGGATCTAGAACTAGAAATACCATTTGACCCAGCCATCCCATTACTGGGTATATACCCAAATGAGTATAAATCATGCTGCTATAAAGACACATGCACACGTATGTTTATTGCGGCACTATTCACAATAGCAAAGACTTGGAACCAACCCAAATGTCCAACAATGATAGACTGGATTAAGAAAATGTGGCACATATACACCATGGAATACTATGCAGCCATAAAAAATGATGAGTTCATATCCTTTGTAGGGACATGGATGAAATTGGAAACCATCATTCTCAGTAAACTATCGCAAGAACAAAAAACCAAACACCGCATATTCTCACTCATAGGTGGGAATTGAACAATGAGATCACATGGACACAGGAAGGGGAATATCACACTCTGGGGACTGTGGTGGGGTCGGGGGATGGGGGAGGGATAGCATTGGGAGATATACCTAATGCTAGATGACACATTAGTGGGTGCAGCGCACCAGCATGGCACATGTATACATATGTAACTAACCTGCACAATGTGCACATGTACCCTAAAACTTAGAGTATAATAAAAAAAAAAAAAAAAAGAAAAAAAAAA	6056	INS	not_inherited	9:SAMPLE_11:SAMPLE_15:SAMPLE_26:SAMPLE_36:SAMPLE_38:SAMPLE_42:SAMPLE_49:SAMPLE_52:SAMPLE_53:SAMPLE	1/1	34	0	34	./.	.	.	0	0.140351	.	.	.	.	10	0.175439	16	0.140351	47	4	6	0.859649	0.140351	HWE_FALSE
chr22	17136069	17136383	gaaagaaaTCAGTTAggccgggagcagtggctcacgcctgtaatcccagcgctttgaggggccaaggagggtggatcacttgaggtcaggagtttgagaccagcctggccaacatggcgaaaccccgtctctaccaaaaatacaaaaattagctagtcaggcgtggtggcgggcgcctgtaatcccagctactcgggaggctgaggcacaaaaattgcttgaacctggaggtggaggctgcagtgagccgagatcatgccactgcactccagcttggtaaacaagagcaaaactcccgtctcaaaaaaaaaaaaa	g	-314	DEL	not_inherited	SAMPLE_2:SAMPLE_3:SAMPLE_4:SAMPLE_5:SAMPLE_6:SAMPLE_7:SAMPLE_8:SAMPLE_9:SAMPLE_10:SAMPLE_11:SAMPLE_12:SAMPLE_13:SAMPLE_14:SAMPLE_15:SAMPLE_16:SAMPLE_17:SAMPLE_18:SAMPLE_19:SAMPLE_20:SAMPLE_21:SAMPLE_22:SAMPLE_23:SAMPLE_24:SAMPLE_25:SAMPLE_26:SAMPLE_27:SAMPLE_28:SAMPLE_29:SAMPLE_31:SAMPLE_34:SAMPLE_35:SAMPLE_36:SAMPLE_37:SAMPLE_38:SAMPLE_39:SAMPLE_40:SAMPLE_41:SAMPLE_42:SAMPLE_43:SAMPLE_44:SAMPLE_46:SAMPLE_47:SAMPLE_48:SAMPLE_50:SAMPLE_51:SAMPLE_52:SAMPLE_53:SAMPLE_54:SAMPLE_55:SAMPLE_56:SAMPLE_57:SAMPLE	1|0	20	29	49	./.	.	.	0	0.684211	HDHD5	.	.	.	52	0.912281	78	0.684211	5	26	26	0.315789	0.684211	HWE_FALSE
chr22	17173798	17173861	CTCCATTCCAGTGGCCACTTCCAGTCTAACAATTCCACCGTTTTCTCTTCTTTTTTCAACTCTT	C	-63	DEL	not_inherited	SAMPLE_2:SAMPLE_3:SAMPLE_8:SAMPLE_10:SAMPLE_11:SAMPLE_12:SAMPLE_13:SAMPLE_14:SAMPLE_19:SAMPLE_20:SAMPLE_21:SAMPLE_22:SAMPLE_23:SAMPLE_24:SAMPLE_25:SAMPLE_27:SAMPLE_29:SAMPLE_30:SAMPLE_31:SAMPLE_32:SAMPLE_33:SAMPLE_35:SAMPLE_36:SAMPLE_38:SAMPLE_39:SAMPLE_42:SAMPLE_44:SAMPLE_45:SAMPLE_49:SAMPLE_50:SAMPLE_51:SAMPLE_52:SAMPLE_53:SAMPLE_55:SAMPLE_57:SAMPLE	1|0	16	19	35	./.	.	.	0	0.350877	ADA2	Sneddon_syndrome|Diamond_Blackfan_anemia|deficiency_of_adenosine_deaminase_2|polyarteritis_nodosa|vasculitis_due_to_ADA2_deficiency	Definitive|Moderate|Strong|Supportive	Autosomal_recessive|Autosomal_dominant	36	0.631579	40	0.350877	21	32	4	0.649123	0.350877	HWE_FALSE
chr22	17388852	17389666	N	<DEL>	-814	DEL	not_inherited	query_only	1|0	10	22	32	./.	.	.	0	0	CECR2	.	.	.	0	0	0	0	57	0	0	1	0	HWE_FALSE
chr22	17567654	17567655	C	CTATCCTTGCTTTTATTTATTTATTTATTTATTTATTTATTTATTTTATTTTATTTTATTTTTTTTTTTTGAGACGGAGTCTCGCTCTGTCGCCCAGGCCGGACTGCGGACTGCAGTGGCGCAATCTCGGCTCACTGCAAGCTCCGCTTCCCGGGTTCACGCCATTCTCCTGCCTCAGCCTCCCGAGTAGCTGGGACCACAGGCGCCCGCCACCACGCCCGGCTAATTTTTTGTATTTTTAGTAGAGACGGGGTTTCACCTTGTTAGCCAGGATGGTCTCGATCTCCTGACCTCATGATCCACCCGCCTCGGCCTCCCAAAGTGCTGGGATTACAGGCGTGAGCCACCGCGCCCGGCCT	358	INS	not_inherited	SAMPLE_2:SAMPLE_3:SAMPLE_4:SAMPLE_5:SAMPLE_6:SAMPLE_10:SAMPLE_11:SAMPLE_12:SAMPLE_13:SAMPLE_14:SAMPLE_15:SAMPLE_19:SAMPLE_20:SAMPLE_21:SAMPLE_22:SAMPLE_23:SAMPLE_24:SAMPLE_25:SAMPLE_26:SAMPLE_27:SAMPLE_28:SAMPLE_29:SAMPLE_30:SAMPLE_31:SAMPLE_32:SAMPLE_33:SAMPLE_36:SAMPLE_37:SAMPLE_39:SAMPLE_44:SAMPLE_46:SAMPLE_47:SAMPLE_48:SAMPLE_49:SAMPLE_50:SAMPLE_51:SAMPLE_52:SAMPLE_54:SAMPLE_57:SAMPLE	1|0	21	20	41	./.	.	.	0	0.45614	SLC25A18	.	.	.	40	0.701754	52	0.45614	17	28	12	0.54386	0.45614	HWE_FALSE
chr22	17756390	17756441	N	<DEL>	-51	DEL	not_inherited	15:SAMPLE	1|0	10	33	43	./.	.	.	0	0.00877193	BID	.	.	.	1	0.0175439	1	0.00877193	56	1	0	0.991228	0.00877193	HWE_FALSE
chr22	18028746	18028747	t	tAAAGAGTCAGGGTCTCGGCCGGGCGCGGTGGCTCACGCCTGTAATCCCAGCACTTTGGGAGGCCGAGGCGGGCGGATCACAAGGTCAGGAGATCGAGACCATCCCGGCTAAAACGGTGAAACCCCGTCTCTACTAAAACTACAAAAAATAGCCGGGCGTAGTGGCGGGCGCCTGTAGTCCTAGCTACTTGGGAGGCTGAGGCAGGAGAATGGCGTGAACCCGGGAGGCGGAGCTTGCAGTGAGCCGAGATCCCGCCACTGCACTCCAGCCTGGGCGACAGAGCGAGACTCCGTCTCAAAAAAAAAAAAAAAAAAAAAAAAAAAAAAA	327	INS	not_inherited	3:SAMPLE_7:SAMPLE_8:SAMPLE_11:SAMPLE_12:SAMPLE_13:SAMPLE_14:SAMPLE_16:SAMPLE_17:SAMPLE_18:SAMPLE_19:SAMPLE_20:SAMPLE_28:SAMPLE_29:SAMPLE_34:SAMPLE_37:SAMPLE_40:SAMPLE_41:SAMPLE_42:SAMPLE_51:SAMPLE	1|0	13	19	32	./.	.	.	0	0.201754	MICAL3	.	.	.	20	0.350877	23	0.201754	37	17	3	0.798246	0.201754	HWE_FALSE
chr22	18205084	18205273	tatgtaatatatatcatatattatatatgtcttttattatgtaatatgtatcatagatattacataacgtgacatataatatatattatttatatataatgtatattatattttatatatattatatatattatatattatatgttttatgtaatatatagtacatataatatacattatatatatataA	t	-189	DEL	not_inherited	SAMPLE_3:SAMPLE_4:SAMPLE_6:SAMPLE_8:SAMPLE_9:SAMPLE_10:SAMPLE_12:SAMPLE_14:SAMPLE_15:SAMPLE_16:SAMPLE_17:SAMPLE_18:SAMPLE_19:SAMPLE_20:SAMPLE_21:SAMPLE_22:SAMPLE_24:SAMPLE_25:SAMPLE_26:SAMPLE_27:SAMPLE_29:SAMPLE_30:SAMPLE_31:SAMPLE_33:SAMPLE_34:SAMPLE_35:SAMPLE_36:SAMPLE_37:SAMPLE_38:SAMPLE_40:SAMPLE_41:SAMPLE_42:SAMPLE_43:SAMPLE_45:SAMPLE_46:SAMPLE_47:SAMPLE_48:SAMPLE_49:SAMPLE_50:SAMPLE_51:SAMPLE_52:SAMPLE_53:SAMPLE_55:SAMPLE_56:SAMPLE_57:SAMPLE	0|1	3647	1833	5480	./.	.	.	0	0.403509	.	.	.	.	46	0.807018	46	0.403509	11	46	0	0.596491	0.403509	HWE_FALSE
chr22	18222457	18222458	C	CGGGACCTTTCCATCCAGGGCACAGCCAGCGAGGCCCCGGGATGGGAGGGCGCCGCTAGGGT	61	INS	not_inherited	57:SAMPLE	1/1	2	0	2	./.	.	.	0	0.00877193	.	.	.	.	1	0.0175439	1	0.00877193	56	1	0	0.991228	0.00877193	HWE_FALSE
chr22	18729138	18729198	atatataatttatgatatatattatatattctatataatttatgctatatattatatattc	a	-60	DEL	not_inherited	13:SAMPLE	0|1	16	26	42	./.	.	.	0	0.00877193	.	.	.	.	1	0.0175439	1	0.00877193	56	1	0	0.991228	0.00877193	HWE_FALSE
chr22	18729714	18729715	a	aTATATTATATTAAATAATATATTGTATATTATATTAAATAAAATATTGTATATTATATTAAATATAATATTGTATATTATATTAAATATAATATTGTATATTATATTAAATATAATATTGTATATTATATTAAATATAATATTGTATATTATATTAAATATAATATTGTATATTATATTAAATATAATATTG	192	INS	not_inherited	13:SAMPLE	0|1	15	28	43	./.	.	.	0	0.00877193	.	.	.	.	1	0.0175439	1	0.00877193	56	1	0	0.991228	0.00877193	HWE_FALSE
chr22	18732589	18732642	tataatattacatcatgtaataatatataatattacatcatgtaataatatata	t	-53	DEL	not_inherited	SAMPLE_2:SAMPLE_8:SAMPLE_9:SAMPLE_11:SAMPLE_15:SAMPLE_17:SAMPLE_23:SAMPLE_24:SAMPLE_25:SAMPLE_31:SAMPLE_32:SAMPLE_33:SAMPLE_39:SAMPLE_40:SAMPLE_42:SAMPLE_55:SAMPLE	0|1	13	36	49	./.	.	.	0	0.149123	.	.	.	.	17	0.298246	17	0.149123	40	17	0	0.850877	0.149123	HWE_FALSE
chr22	18891269	18891270	t	tACACAGTAATTATATTAATATATAACCTATGTATAATTGTCTTACATCCTGCATATTATTTTTATATATATATGTAAATTTAATAATAGGATGATATATAAGTTTTATGTATACAAATAC	120	INS	not_inherited	9:SAMPLE_11:SAMPLE_14:SAMPLE_31:SAMPLE_48:SAMPLE	./.	.	.	0	./.	.	.	0	0.0438596	.	.	.	.	5	0.0877193	5	0.0438596	52	5	0	0.95614	0.0438596	HWE_FALSE
chr22	20163553	20163729	ACTACCACCACCACCACCACCATCACTACCACCATCACCACCACCACCACCACCATCACTACCACCACCACCACCACCATCACTACCACCACCACCATCACCATCACCACCACCACCACCACCACCATCACTACCACCACCACCACCATCACCATCACCACCACCACCACCATCACT	A	-176	DEL	not_inherited	15:SAMPLE_28:SAMPLE_29:SAMPLE_43:SAMPLE_45:SAMPLE_49:SAMPLE_52:SAMPLE	1|0	12	23	35	./.	.	.	0	0.0614035	.	.	.	.	7	0.122807	7	0.0614035	50	7	0	0.938596	0.0614035	HWE_FALSE
chr22	20358800	20358801	N	GCCCAGGGCGTCGCTAACGAGGTCGCCGCCCAGGGCGTCGCTAACGAGGACGCCGTCCACGGCGTCGCTAACGAGGACGCCGTCCAGGGCGTCGCTAACGAGGTCGAAGTCCAGGGCATCGCACACAAGGACGCCATCCAGGGCATCGCTAACGAGGATGCCGCCCACGGCATCGCTAACGAGGTCGCCGCCCACGGCATCGCGAACGAGGACGCT	216	INS	not_inherited	query_only	0/1	13	13	26	./.	.	.	0	0	.	.	.	.	0	0	0	0	57	0	0	1	0	HWE_FALSE
chr22	20358833	20359754	N	<DEL>	-921	DEL	not_inherited	query_only	0|1	11	15	26	./.	.	.	0	0	.	.	.	.	0	0	0	0	57	0	0	1	0	HWE_FALSE
chr22	20360600	20360601	A	AAACCAGGACGCTGCCCAGGGCATCTCTAAGGAGGACGCAGTCCAGGGCATCGCG	54	INS	not_inherited	3:SAMPLE_14:SAMPLE_39:SAMPLE_40:SAMPLE_42:SAMPLE	0/1	15	10	25	./.	.	.	0	0.0438596	.	.	.	.	5	0.0877193	5	0.0438596	52	5	0	0.95614	0.0438596	HWE_FALSE
chr22	21126947	21126948	A	AAGGTCTTCAACAGTGACCCGGTACCCCAGCTCTAAGGGAGGTGGCAGCATCAAAGGCTCCCCTCGCCTGCGTGGCAGCAGGGGAAACTTGCATCTACAGGGCCTAGAGGCCTGGGATCTGGGGGAGCCACCCCTGGGGGCGAGTGTCTGCCCTGGTGCTGTATCTGCCATCTTTTCACACTGGGTGTGACCCGAAGAGACAGCCTGAGGTCCGTCCTCACTCACTGTGTTTCAGGAACTGAGGGTCAGCTGGCAGTGGGATGAGGCTGGCCCCCTTCTCCGCTTTCGTTCCGGGAGGCCTCCCGTAGAGCGGAAGGGGCTCGAGATGGCATTTCGTTTGGGGCACGAGCTGGTCCGGGAGGTCTGGGATCTCTGGTTCTGACCTCTGGGCACCTGCTGCAGCTGTGGCTGAGGCCCAGAAATGTGAAGGGCCTCCATCCACTCCAGTAGTGACCCCAACGTGGGGTTCAATGTGGAGGGGGGAGGGGCTGCTGCGGCAGCTGCAGGAGCAGAAGTGCCACACCTTGTTCTTCTCATGCCCGCATCCATGCTTGCAGCTGGGAAGGGGGCAGGAATCAGCGAGGTGACCTGGGCTGAGTCCTGGGAATGGGAAGAGGTGGCAGGAAGGGGATCTGAGGAGGAGAACAGGGGGCCTGGTGGTCTGTGCTTCTTCCCAGACATGGGAGCTGTAGAGGGGACCCCTGCAGCAGATGCTAAGGGGGCCAGTAGGCCCAGGCAGTCTTGGGACTTGTGTGTCTCCTGCTGTGCATCCATACTGGGTGCTTTAGAAATGGCAGGCAGACCAGAAGTCCCTGTTGCAAGTGAGGACAAAGTGTGGGAAGGCCGTGAGGGTCTGCAGTCCGAGATGGCCTTGTCCTCAACCTGCAGTGCACTGTTGATGCGCTGGAATGCCGCCTCCTTCTCCCGGTCC	930	INS	not_inherited	SAMPLE_2:SAMPLE_3:SAMPLE_7:SAMPLE_8:SAMPLE_9:SAMPLE_13:SAMPLE_15:SAMPLE_19:SAMPLE_20:SAMPLE_21:SAMPLE_22:SAMPLE_23:SAMPLE_24:SAMPLE_25:SAMPLE_26:SAMPLE_27:SAMPLE_28:SAMPLE_29:SAMPLE_30:SAMPLE_31:SAMPLE_32:SAMPLE_33:SAMPLE_38:SAMPLE_40:SAMPLE_44:SAMPLE_46:SAMPLE_47:SAMPLE_48:SAMPLE_49:SAMPLE_50:SAMPLE_51:SAMPLE_52:SAMPLE_53:SAMPLE_54:SAMPLE_56:SAMPLE	0/1	12	23	35	./.	.	.	0	0.359649	.	.	.	.	36	0.631579	41	0.359649	21	31	5	0.640351	0.359649	HWE_FALSE
chr22	21164700	21164701	c	cTATATATGATATATATGATATATCATATATATGATATACATGGTATATCAGTGTAGTCCCAGCTACCTGGGAGGCTGAGGCAGGACAATCGCTTGCACCCGTGAGGCAGAGGTTGCAGTGAGCCAAGATGGCGCCATTGCATTCCAGCCTGTGCAACAGAACAAGAATCTGGTCTAAAAAAAATTATACATATATAATGTATATTATATGTACTATATATTATATATATCATATAATATATAATATATATAAAATATAATATACATTATATATAAATAATATATATTATATGTCACGTTATATATATAATATATTATATATAATATACATTATGTACATAATATATTATATATAATATATTTACATAATATACTGTATACATAAGATATATTATATATAATATATTATATAAATATATTATATATAACATATTATATAAATATATTATATATAACATATTATATACCTAATATATATTATATATAATATATTATATATAATAAATATATTAGGTATATAATATTTACTATATATTATATATAATATATATTATATATAATATATGTAATATAACATATATAATATATGACATATATAATATATATATTTTATATAGAATATATAATATAGATAATATACATATTATATAATATGTATCATATATTACATAAAATATATATCATATATAATATATATAACATATCATATATATTATATATAATATGTATGAAACATATTACATAATAAATGACATATATAATATATGATATATATTACATATAATATATGATATATATTACATATAATATATGACATATATTACATATGATATATGATGTATAATATATAATATATGATATATATGATATATAATATTATATTACATATAATTATATTATATTACATTATATTATATATATCATAATATATTATATAATATATAATATATATCATAATATATTATAGAATATATAATATATATCATATCTTACATAATATATAATATATTATATAATATATATCATAATATCTTACATAATATATAATATATTATATAATATATATCATGATATCTTACATAATATATAATATATTATATAATATGTATAATATATCATATTCTATATTATATATAATATGTCATAATATATTATATAATATTATATATAATATATCACAATATATTATATATTATATTATTATAAAATGCATAAGACTATATAATGTTATATATAATATAATATTATATAATAATATAGAATATAATATTATATAATAATATAGAATATTATATTATATAATAATATATGATATTATTTTATATAATAATATATGATATTATTATATATAATAATATATGATATTATTTTATATAATAATATATGATATTATATTATATAATAATATATGACATTGTATTATATAATAATATATGACATTGTATTATATAATAATATATAATATTGTATTATTTAATAATATATAATATATTATATAATAATATATATTATATTATATATTAATATATAATATTATATAATATAATATTATATAATGTTATATAATATTATATAATATAATATTATATAATATTATATAATAATATATGATATATTATATAATAATATATGATATATGATATAATAATATATAATATTATATTTAATAATATATAATATTATATTTAATAATATATAATATTATATAATAATATATAATATTATATTTAATAATATATAATATTATATAATAATATATAATATTATATTTAATAATATATAATATTATATATAATATATAATATTATATTATATAATAATATATAATATTATATAATAATATATAATATTATATTATATAATAATATATAATATTATATTATATAATAATATATAATATTATATTATATATTAATATATAATATTATATTATATAATAATATATAATATTATATTATATAATAATATATAATATTATATTATATAATAATATATAATATATTAGATTATAATATACATTATATTATAATATATTATTGTATAATATATTATATATTATATTATATATAATATTATATTATATATAAAATATATATTATTTTATACAATATATTATATATAATATATTATATAAGATATTATATATATCTTATATAATATATTATATGTAATATATAATTTATATTATATATTATTATCTTGTATATATAATTATACATATTATATTATATGTAATAATTATATATAATTATATATTATATTATACGTAATAATTATATATAAGTATATATTATATTATATGTAATAATTATATATAATATATATTGTATTATATGTAATAATTATATATAATTTATGTATTATATTATATGTAATAAATACACATAAATATATATATTTTATTATATATAATATATATAATTGTATATTTTATTATATATAATAATTATAGATTATATTATATATTAATTATATTTTATATTATTTTTAATATTAATTGATATTAATTAATAATAAATTTAAAATATTAATTATTATTTTATATATTATATTATATTATATATTATATTATATATTATATTACATTATATATAATATATGTTTATATTATATTCTTATATATTATAATATATCATATATTATAATATATATTATATTATATTCCTATATATTATAATATATGATATATTATAATATATATTATTATATAATATATTATATTATATTATATTATATATATTATATTATGTATAATATATAATTATGTATTATATTATATATTATTATATATAATTATATATATATTATATTATATTATATTATTATATATATTCATATATATTATATTATATATAATACATATTATATTATACGTAATATTATATATAATATAAGGATGCAGGATGTAAAAGGAAATTA	2918	INS	not_inherited	SAMPLE_2:SAMPLE_3:SAMPLE_4:SAMPLE_5:SAMPLE_8:SAMPLE_10:SAMPLE_13:SAMPLE_15:SAMPLE_17:SAMPLE_18:SAMPLE_22:SAMPLE_23:SAMPLE_24:SAMPLE_25:SAMPLE_26:SAMPLE_27:SAMPLE_30:SAMPLE_31:SAMPLE_33:SAMPLE_34:SAMPLE_35:SAMPLE_39:SAMPLE_40:SAMPLE_42:SAMPLE_43:SAMPLE_44:SAMPLE_45:SAMPLE_47:SAMPLE_48:SAMPLE_51:SAMPLE_55:SAMPLE_56:SAMPLE	1/1	37	1	38	./.	.	.	0	0.333333	.	.	.	.	33	0.578947	38	0.333333	24	28	5	0.666667	0.333333	HWE_FALSE
chr22	21164717	21164718	g	gATATATCATATATATGATATACATGGTATATCATATATATGATATATACGGTATATCATATATATGATATAGAT	74	INS	not_inherited	SAMPLE_5:SAMPLE_7:SAMPLE_8:SAMPLE_9:SAMPLE_12:SAMPLE_13:SAMPLE_15:SAMPLE_16:SAMPLE_17:SAMPLE_18:SAMPLE_21:SAMPLE_22:SAMPLE_23:SAMPLE_24:SAMPLE_25:SAMPLE_26:SAMPLE_27:SAMPLE_29:SAMPLE_30:SAMPLE_31:SAMPLE_32:SAMPLE_33:SAMPLE_34:SAMPLE_35:SAMPLE_39:SAMPLE_42:SAMPLE_43:SAMPLE_48:SAMPLE_51:SAMPLE_54:SAMPLE_55:SAMPLE_56:SAMPLE	1|0	21	19	40	./.	.	.	0	0.342105	.	.	.	.	33	0.578947	39	0.342105	24	27	6	0.657895	0.342105	HWE_FALSE
chr22	21165112	21165164	taaaatttatgatatatataatatattatatataatttatgatatatattata	t	-52	DEL	not_inherited	5:SAMPLE_6:SAMPLE_8:SAMPLE_12:SAMPLE_13:SAMPLE_15:SAMPLE_16:SAMPLE_17:SAMPLE_18:SAMPLE_20:SAMPLE_24:SAMPLE_28:SAMPLE_29:SAMPLE_33:SAMPLE_35:SAMPLE_36:SAMPLE_37:SAMPLE_38:SAMPLE_45:SAMPLE_48:SAMPLE_49:SAMPLE_50:SAMPLE_51:SAMPLE_52:SAMPLE	1|0	17	20	37	./.	.	.	0	0.210526	.	.	.	.	24	0.421053	24	0.210526	33	24	0	0.789474	0.210526	HWE_FALSE
chr22	21166640	21166708	atatatatatatatatatatatatatatatatatatatataaaatatatctataatatattaaatatat	a	-68	DEL	not_inherited	SAMPLE_3:SAMPLE_6:SAMPLE_8:SAMPLE_12:SAMPLE_15:SAMPLE_30:SAMPLE_32:SAMPLE_38:SAMPLE_46:SAMPLE_48:SAMPLE_51:SAMPLE	0/1	9	30	39	./.	.	.	0	0.105263	.	.	.	.	12	0.210526	12	0.105263	45	12	0	0.894737	0.105263	HWE_FALSE
chr22	21183392	21183635	TGCCGCCCACGGCATCGCCAACGAGTACGCCGCCCACGGCATCGCCAGCGAGGACGCCGCCCACGGCATCGCCAGCGAGGACGCCGCCCAGGGCATCGCCAGCGAGGACGCCGCCCAGGGCATCGCCAACGAGGACACCATCCAGGGCATCGCCAAGGAGTACGCCGTCCACGGCATCGCCAACGAGGACGCCGCCCAGGGCATCGCCAACGAGGACGCCGCCCAGGGCATCGCCAACGAGGAC	T	-243	DEL	not_inherited	SAMPLE_3:SAMPLE_7:SAMPLE_8:SAMPLE_9:SAMPLE_13:SAMPLE_15:SAMPLE_19:SAMPLE_22:SAMPLE_23:SAMPLE_24:SAMPLE_27:SAMPLE_30:SAMPLE_31:SAMPLE_33:SAMPLE_34:SAMPLE_35:SAMPLE_38:SAMPLE_39:SAMPLE_42:SAMPLE_43:SAMPLE_45:SAMPLE_46:SAMPLE_47:SAMPLE_54:SAMPLE_55:SAMPLE	0/1	9	28	37	./.	.	.	0	0.236842	.	.	.	.	26	0.45614	27	0.236842	31	25	1	0.763158	0.236842	HWE_FALSE
chr22	21309336	21309337	T	TGCCATGGGCGGCATCCTCGTTGGCGGTGCCCTTGTCGGCGGCCTCGTTAGCGA	53	INS	not_inherited	2:SAMPLE_3:SAMPLE_5:SAMPLE_8:SAMPLE_10:SAMPLE_11:SAMPLE_13:SAMPLE_15:SAMPLE_16:SAMPLE_17:SAMPLE_18:SAMPLE_19:SAMPLE_20:SAMPLE_21:SAMPLE_24:SAMPLE_25:SAMPLE_26:SAMPLE_28:SAMPLE_29:SAMPLE_34:SAMPLE_35:SAMPLE_36:SAMPLE_37:SAMPLE_38:SAMPLE_40:SAMPLE_42:SAMPLE_45:SAMPLE_48:SAMPLE_49:SAMPLE_50:SAMPLE_52:SAMPLE_53:SAMPLE_54:SAMPLE_56:SAMPLE_57:SAMPLE	0|1	12	5	17	./.	.	.	0	0.333333	.	.	.	.	35	0.614035	38	0.333333	22	32	3	0.666667	0.333333	HWE_FALSE
chr22	21326079	21326080	t	tATAATATATATAACATATATATAATTTCCTTTTACATCCTGCATCCTTATATTATATATAATATTATGTATAATATAATATGTATTATTATATATAATATAATATATATGAATATATATAGTAATATAATATAATACATATAATTATATGTAATTATATATAATATATAATTATCTATATTATATATAATATAATATAATATAATATATATTATATTATAATAATATATATTTAATATATTATATATTATATTATAATAATATAATATATAATATATAATATAATATATATTATATATAATATAATATAATGTATAATGTAATATATAATATAATATAATATATAATATAATATATAATATAATATAATCTATAAAATAATAATTAATATTTTAAATTAATCATTATTAATTAATATCAATTAATATTAAAAATAATATAAAATATAATTTATATATAATATAATCTATAATTATTGTATATAATATAATATACAATATTATATAATATTATATATAATAAAATATATATAATTATGTGTATTTATTACATATAATATAATACATAAATTATATATAATTATTACATATAATATAATATATACTTATATATAATTATTACATATAATATAATATATACTTATATATAATTATTACATATAATATAATATATACTTATATATAATTATTACATATAATATAATATATACTTATATATAATTATTACATATAATATAATATATACTTATATATAATTATTACATATAATATAATATATACTTATATATAATTATTACATATAATATCATATATAATTATATATAATTATTACATATAATATCAGATATATAATTATATATAATTATTACATATAATATCATATAATTATATATTTATTACATATAATATCATATATAATTACATATAATTATTACATATAATATCATATAATATAATTATATATAATTATTACATATAATATAATATATAATTATATAGTTAATTTATATGATATATAATTATATATAATTGTATAATTATATAATTTATATATTGAAATAATATAATAATATATAATATATATAATATATTATATAACATATTATATATAATATATTATATAACAGTATAATATATTATATAAGATATTATATATAATATATTGTATAATATATTATATAACATTATATATAATATATTGTATAAAATATTATATATATTATATATATTATATATTCTATATAATATATTTTATATATATTATACAATAATATATTATAATATAATGTATATTATAATCTAATATATTATATATTATTATATAATATAATATTATATTATAATCTAATATAATATTATATATTATTATATAATATTATATTATATAATATTATATATTATATATAACATTATAGTATTACATATTTTATAATAATATAATATATAATATATTATGATATATTATATATAATATTATATATTATGATATATTATATATAATGTTATATAATATATTATGATATATTATATATAATATTATATAATATATTATGATATATATAATATAATATTATATGATATATTATGACATATTATATATAATATATAATATGATATATTATATATATTACATAATATATTACGATATATATTATATATTATATAATATATTATGATATATATAATCTAATATAATTATATGTAATATTATATATCATATATCATATATCATATATTATATATTATATGTCATATATTACGTATAATATATGTCACATATTGTATGTAATATATGTCACATATTATATGTAATATATATCATATATTATATGTAATATATATATCATATATTATATGTAATATATATCATATATTATATATGTCATTTATTATGTAATATGTATCATACATATTATATATATATCATGTGTTTTATATATTATATATGATACATATTATATGTAATATATGATACATATTATATAATGTGTATATTATCTATATGTCATATAAAATATATATATTATATATGTCATAAAATATATATGTTATATTACATGTATTATATATAATATATAGTATATGTCATATAATATATATTATATATAATATATAATAAATCTTATATACCTAATATATTTATTATATATAATATAATATATATAATATATATTAGGTATATGAGTATATTATATATAATATATTATATAATATATTTATATAATATATTATATATTATATAATATATTTATATAATATATTATATAATATATTATATAAAATATATTATATAATATATTATGTACATAATATATATTATATATATAATATATTACATATAATATATTATATATATAACGTGACACATAATATATATTATTTATATATAATGTATATTATATTTTATGTATATTATATGATATATATTATATGTTATATATAATATATAGTACATATAATATACATTATATATATACAATTTTTTTTAGACAGATTCTTGTTCTGTTGCACAGGCTGGAATGCAATGGCGCCATCTTGGCTCACTGCAACCTCTGCCTCATGGGTGCAAGAGATTGTCCTGCCTCAGCCTCCCAGGTAGCTGGGGCTACAC	2609	INS	not_inherited	2:SAMPLE_11:SAMPLE_23:SAMPLE_26:SAMPLE_28:SAMPLE_32:SAMPLE_33:SAMPLE_35:SAMPLE_36:SAMPLE_41:SAMPLE_48:SAMPLE_51:SAMPLE	1/1	48	0	48	./.	.	.	0	0.122807	.	.	.	.	12	0.210526	14	0.122807	45	10	2	0.877193	0.122807	HWE_FALSE
chr22	21327018	21327019	a	aATATTATATATTATATTTAATATAATATTATATTAAATATAATATATAATATTATATTAAATATAATATATAATATTATATTAAATATAATATATAATATTATATTAAATATAATATATAATATTATATTTAATATAATATATAATATTATATTTAATATAATATATAATATTATATTAAATATAATATATAATATTATATTAAATATAATATATAATATTATATTTAATATAATATATAATATTATGTATAATAATACATTATTATACATAATATTATATATAATATAATATATAATATTATGTATAATATATATTATTATACATAATATT	332	INS	not_inherited	SAMPLE_8:SAMPLE_13:SAMPLE_14:SAMPLE_28:SAMPLE_29:SAMPLE_31:SAMPLE_32:SAMPLE_33:SAMPLE_39:SAMPLE_41:SAMPLE_46:SAMPLE_48:SAMPLE_49:SAMPLE_50:SAMPLE_51:SAMPLE_54:SAMPLE	0/1	26	10	36	./.	.	.	0	0.149123	.	.	.	.	17	0.298246	17	0.149123	40	17	0	0.850877	0.149123	HWE_FALSE
chr22	21328351	21328422	aatatatatcatacatattgtgtataatatatatcatacatattgtgtataatatatatcatacatattgtg	a	-71	DEL	not_inherited	SAMPLE_3:SAMPLE_7:SAMPLE_8:SAMPLE_9:SAMPLE_12:SAMPLE_13:SAMPLE_15:SAMPLE_19:SAMPLE_20:SAMPLE_21:SAMPLE_24:SAMPLE_28:SAMPLE_29:SAMPLE_30:SAMPLE_31:SAMPLE_32:SAMPLE_33:SAMPLE_38:SAMPLE_39:SAMPLE_46:SAMPLE_47:SAMPLE_48:SAMPLE_51:SAMPLE_52:SAMPLE_53:SAMPLE_54:SAMPLE	1|0	12	23	35	./.	.	.	0	0.289474	.	.	.	.	27	0.473684	33	0.289474	30	21	6	0.710526	0.289474	HWE_FALSE
chr22	21343492	21343553	CGGGACCTTTCCATCCAGGGCACAGCCAGCGAGGCCCCGGGATGGGAGGGCGCCGCTAGGGT	C	-61	DEL	not_inherited	4:SAMPLE_5:SAMPLE_16:SAMPLE_18:SAMPLE_25:SAMPLE_26:SAMPLE_28:SAMPLE_29:SAMPLE_33:SAMPLE_45:SAMPLE_52:SAMPLE	0/1	20	20	40	./.	.	.	0	0.0964912	.	.	.	.	11	0.192982	11	0.0964912	46	11	0	0.903509	0.0964912	HWE_FALSE
chr22	21814854	21814855	N	AGACAGAGAGAGAGAGAGAGAGAGAGAGAGAGAGAGAGAGAGAGAGACAGAGAGAGAGAGAGAGAGACAGAGAGAGAGAGAGAGAGAGACAGAGAGAGAGAGAGAGACAGAGAGAGAGAGAGAGAGAGACAGAGAGAGAGAC	149	INS	not_inherited	query_only	0|1	19	18	37	./.	.	.	0	0	MAPK1	Noonan_syndrome_13	Moderate|Strong	Autosomal_dominant	0	0	0	0	57	0	0	1	0	HWE_FALSE
chr22	26209991	26209992	g	gAGGAAGGAAGGGAGGGAGACAGGAAGGAAGGAAGGAAAGACGGAAAGAAGGAAGGAAAAAAGGAGGGAAGGAAGGAAGATGCATATATGGGTGTATGGGTGGCAGGAAGGAAGAGGGAGGGAAGGAGGGAGGGAAGGAGGAGCAAAGATAAATAGATGGATAGATGGTAGGAAGAAAAGAAAGAAGAAGGGAAGGAAGGAAGGAAAGAAGGGAGGGAGGGAGGGAGGGAGGGAGGAAGGAAGGA	244	INS	not_inherited	10:SAMPLE_11:SAMPLE_13:SAMPLE_15:SAMPLE_17:SAMPLE_36:SAMPLE	1|0	13	18	31	./.	.	.	0	0.0526316	SEZ6L	.	.	.	6	0.105263	6	0.0526316	51	6	0	0.947368	0.0526316	HWE_FALSE
chr22	26661917	26661918	C	CATATATATATGGATCTATATAGATCCATATATATATGGATCTATATAGATCCAT	54	INS	not_inherited	7:SAMPLE_9:SAMPLE_11:SAMPLE_13:SAMPLE_14:SAMPLE_16:SAMPLE_18:SAMPLE_19:SAMPLE_21:SAMPLE_22:SAMPLE_24:SAMPLE_25:SAMPLE_26:SAMPLE_27:SAMPLE_29:SAMPLE_39:SAMPLE_43:SAMPLE_45:SAMPLE_55:SAMPLE_56:SAMPLE	1|0	24	20	44	./.	.	.	0	0.184211	.	.	.	.	20	0.350877	21	0.184211	37	19	1	0.815789	0.184211	HWE_FALSE
chr22	30341517	30341604	CGGAGCTGGAAAGAGGCTCTGTGCTGCCTGGACTTGGGCAGCTGTATGGCCTTGTTCAGGACCCACGCCTCCTTTCAAGGCTCACAGG	C	-87	DEL	not_inherited	SAMPLE_2:SAMPLE_3:SAMPLE_7:SAMPLE_8:SAMPLE_9:SAMPLE_13:SAMPLE_15:SAMPLE_16:SAMPLE_17:SAMPLE_25:SAMPLE_26:SAMPLE_35:SAMPLE_43:SAMPLE_44:SAMPLE_45:SAMPLE_47:SAMPLE_49:SAMPLE_50:SAMPLE	1|0	23	7	30	./.	.	.	0	0.22807	SF3A1	.	.	.	19	0.333333	26	0.22807	38	12	7	0.77193	0.22807	HWE_FALSE
chr22	30478324	30478325	c	cTCACACCTGTAACCCCAGCACTTTGGGAGGCCAAGGTAGGTGGATCACCTGAGGCCAGGAGTTTGAGACCAGCCTGGCCAACATGGCAAAACCTTGTCTCTACTAAAAATACAAAAAATCAGCCGGGTATGGTGGCGAGTGCCTGTAATCTCAGCTACTTGGGAGGCTGAGGCAGGAGAATTGCTTGAACCCAGGAAGCAGAGGTTGCAGTGAGCCGAGATCACGCCATTGTACTCCAGCCTGGGCAACAGAGTGAGACTCTGTCTCAAAAAAATAAACAAAACAGAAAGAAAGAAAATTTGCTACTCAAGCACCCAGTCAACATCAAACTGGAAATAGCACTTTATTTCCTGAAAAAAAAATTTATCTATTTTTCTAGAACCAAGTAATAATATATTACAAGAACACAGACACAAATATCCCACCGTTCTCTTCATTATATTTTGGGATCTGCTCAGCAAAAGCTACTTCTTAGAGGAGGCAGATTCAGAACAGACCAAAGCCATGAGCAGCGGAGTGTGAAGTATCAGAAAAAAAAAAAAAAAGAATGGAAGCTAAGCTATGAAAATGCAAAGGAGTAAGAGTGATAGAATGTACTTTGAGAACTGGGAGAAAAGGGTAGGAGGGGTGAGGGATAAAAGACTACACACTGGGTACGGTGTATACTGCTCTGGTGACGGGTGCACCAAAATCTCAGAAATCACCATTAAAGAACTTATCCATGTAATGAAACATCATCTGTTCTCCAAAAACCTATTGAAATAGAAAAAAAAAAAACAGGGAAGGGGCTTAACGAAAGAGAGGAAAGGGGGAAGAATGGGAAAAGAGGCCTTGTCTGAAGCTATAAATAACTTTTTATTTTAAATTAATGAAAATTCTCTCTGAGCTGAGTGCGATGGCTGTAGTCCCAGAGACTCAGGAGGCTGAAGTGGGAAGATCGTTTGAGTCCATGAGTTCGAGGCTGCAGTGAGCTATGATTGTGTCACTGCACTCCAGCCTAGGTTACAAGGTGAGATCCCATCTCCAAAAAATAATAATAAATAAATAAATAACTGGCCGGGA	1062	INS	not_inherited	2:SAMPLE_8:SAMPLE_22:SAMPLE_23:SAMPLE_24:SAMPLE_25:SAMPLE_26:SAMPLE_27:SAMPLE_28:SAMPLE_29:SAMPLE_31:SAMPLE_32:SAMPLE_33:SAMPLE_36:SAMPLE_37:SAMPLE_38:SAMPLE_39:SAMPLE_42:SAMPLE_43:SAMPLE_45:SAMPLE_46:SAMPLE_47:SAMPLE_48:SAMPLE_49:SAMPLE_50:SAMPLE_54:SAMPLE_55:SAMPLE_56:SAMPLE	1|0	17	19	36	./.	.	.	0	0.307018	.	.	.	.	28	0.491228	35	0.307018	29	21	7	0.692982	0.307018	HWE_FALSE
chr22	32329951	32329952	T	TGTGTGTGTGTGTTGGGGGCTCTGGTGTGTGTGTGTGTTGGGGGCTCTGGTGTGTGTGTGTGTTGGGGGCTCTGGTGTGTGTGTTGGAGGCTCTGGTGTGTGTGTTGGAGGCTCTGGTGTGTATGTGTTGGGGGCTCTGGTGTGTGTGTTGGGGGCTCTG	159	INS	not_inherited	6:SAMPLE_10:SAMPLE_11:SAMPLE_13:SAMPLE_14:SAMPLE_15:SAMPLE_17:SAMPLE_44:SAMPLE_45:SAMPLE_51:SAMPLE	1/1	40	0	40	./.	.	.	0	0.0964912	.	.	.	.	10	0.175439	11	0.0964912	47	9	1	0.903509	0.0964912	HWE_FALSE
chr22	35249171	35250146	gcctcggcctcctgagtagctggaattacaggcacctaccaccacgcctgtctaatttttgtatttttagtagaaacgggatttcaccatgttgaccaggctggtcccgaactcctgacctcaggtaatccacccacctcagcctcccccaagtactgggattacaagcgtgagccactgcacctggcctttaattttctttctttaataataaattaaccttgctactgtaacttttttactttataaactttttaattttttttaacttcttgactcttACCAATATTTTGTACTGCATGTAATCAAATATGGGCTATACTGCTTCTCCTGCAAATAGGTGatcagaacatggacaggaaagacacaccaatttctattcctctgagaagggtgctggggatagatctggggcctaaactgtgttcatgtgttttcttaactaaaacaatttttttaaaaaaaagaatctgaagccattatagtagaataatgttaatatgtattcactctgggtggtgggtacatggatgtttgtactttgaaatatcttcgcatttttAAATATTATTCTGTgaaaagaaggggaagacaaaatgtaaaatgttactgctattttagaatttgtctagcaggttttccggtcttcaccagaaaacccctagaaagaaaaagaaaagaaaaaaaaaTATTTTAATGGAGAGAGTCACCATGAGATACAAATGCACAGATGGGAGGGAGAGGCAGCAGTTCTGGAGGAGAAGGTAGGGGCTGGCCCAGGTCCTTCCAGGTTAAGTACAAACCCTCAGCATGTTCCCAACCTTCCCTGAGAACTCTCAGGAACTGACGCCACATACCAGAAAATGCCACTGCTTGTCATTCCAAAGACACAAGGCAGTACTGACCCTCCTTACCTCCTTTCACCCAGTTTCTCCCATCAGGAATGTCCTCCCATCCTACCCCACCACATTCCAAC	g	-975	DEL	not_inherited	SAMPLE_2:SAMPLE_3:SAMPLE_4:SAMPLE_6:SAMPLE_7:SAMPLE_8:SAMPLE_9:SAMPLE_10:SAMPLE_11:SAMPLE_12:SAMPLE_13:SAMPLE_14:SAMPLE_15:SAMPLE_17:SAMPLE_18:SAMPLE_19:SAMPLE_20:SAMPLE_21:SAMPLE_22:SAMPLE_24:SAMPLE_25:SAMPLE_26:SAMPLE_27:SAMPLE_28:SAMPLE_29:SAMPLE_30:SAMPLE_31:SAMPLE_32:SAMPLE_33:SAMPLE_34:SAMPLE_35:SAMPLE_38:SAMPLE_41:SAMPLE_43:SAMPLE_44:SAMPLE_45:SAMPLE_49:SAMPLE_50:SAMPLE_52:SAMPLE_53:SAMPLE_55:SAMPLE_56:SAMPLE_57:SAMPLE	0|1	19	18	37	./.	.	.	0	0.587719	.	.	.	.	44	0.77193	67	0.587719	13	21	23	0.412281	0.587719	HWE_FALSE
chr22	36126567	36126568	T	TCCTTCCTCTCCCTCCTTTTCTTCCTTCCTCTCCCTCCTTTTCTTCCTTCCTCTCCCTCCTTTTCTC	66	INS	not_inherited	4:SAMPLE_5:SAMPLE_7:SAMPLE_8:SAMPLE_9:SAMPLE_10:SAMPLE_11:SAMPLE_12:SAMPLE_13:SAMPLE_14:SAMPLE_21:SAMPLE_27:SAMPLE_32:SAMPLE_33:SAMPLE_36:SAMPLE_37:SAMPLE_41:SAMPLE_48:SAMPLE_54:SAMPLE	0|1	13	17	30	./.	.	.	0	0.166667	.	.	.	.	19	0.333333	19	0.166667	38	19	0	0.833333	0.166667	HWE_FALSE
chr22	36800146	36800324	N	<DEL>	-178	DEL	not_inherited	query_only	1/1	40	0	40	./.	.	.	0	0	PVALB	.	.	.	0	0	0	0	57	0	0	1	0	HWE_FALSE
chr22	37786799	37786800	c	cGCCATCCCATCTAGGAAGTGAGGAGCGCCTCTTCCCGGCCGCCATCCCATCTAGGAAGTGAGGAGCGTCTCTGCCCGGCT	80	INS	not_inherited	2:SAMPLE_4:SAMPLE_5:SAMPLE_7:SAMPLE_9:SAMPLE_10:SAMPLE_11:SAMPLE_12:SAMPLE_13:SAMPLE_14:SAMPLE_15:SAMPLE_18:SAMPLE_19:SAMPLE_21:SAMPLE_22:SAMPLE_24:SAMPLE_26:SAMPLE_28:SAMPLE_29:SAMPLE_30:SAMPLE_31:SAMPLE_32:SAMPLE_33:SAMPLE_34:SAMPLE_35:SAMPLE_36:SAMPLE_37:SAMPLE_40:SAMPLE_41:SAMPLE_42:SAMPLE_44:SAMPLE_46:SAMPLE_47:SAMPLE_50:SAMPLE_51:SAMPLE_52:SAMPLE_55:SAMPLE_56:SAMPLE_57:SAMPLE	1/1	41	0	41	./.	.	.	0	0.622807	.	.	.	.	39	0.684211	71	0.622807	18	7	32	0.377193	0.622807	HWE_FALSE
chr22	38834073	38834127	CCCTGCTTCTTACCCAGAGCTTCATGAAGTGGTGTCTCTAATGCTTGAATCTAAA	C	-54	DEL	not_inherited	13:SAMPLE_14:SAMPLE_23:SAMPLE_28:SAMPLE_29:SAMPLE	1|0	18	17	35	./.	.	.	0	0.0438596	NPTXR	.	.	.	5	0.0877193	5	0.0438596	52	5	0	0.95614	0.0438596	HWE_FALSE
chr22	41050361	41050605	ttcactctttttaatagccaaataatattccattgtatgggtatcccacattttccttagccactctagtgatggacattcatgctgtttccagtttttcactattataaataatgctgctattaatatttatgtaaacaattttgtgtggacatatgttttcatttctcttggatatatacctaggaatggaattgctgggtcatatggtaactgcttaactttttgaagaaccaccaaacttt	t	-244	DEL	not_inherited	5:SAMPLE_12:SAMPLE_15:SAMPLE_18:SAMPLE_25:SAMPLE_37:SAMPLE_41:SAMPLE_44:SAMPLE_55:SAMPLE	0/1	6	21	27	./.	.	.	0	0.0789474	.	.	.	.	9	0.157895	9	0.0789474	48	9	0	0.921053	0.0789474	HWE_FALSE
chr22	42324119	42324120	T	TGGTGGTGGAGGTTATGGTGGTGGAGGTGGTGGCAGAGGTTATGGTGGTGGTGGTGGTGGTGATGGTGGTTATGGTGGTGGTGGTGGTGATGGAGGTTATGGTGGTGGAGGTGGTGGCGGAGGTTATGGTGGTGGTGGTGGTGGTGATGGTGGTTATGGTGGTGGTGGTGGTGATGGAGGTTATGGTGGTGGTGGTGGTGGTGGTGGAGGTTATGGTGGTGGTGGTGGTGGTGGTGATAGAGGTTATGGTGATGGTGGTGGTGATGGAGGTTATGGTGGTGGTGGTGATGGTGGTGGTGGTGGTGGTGGTGATGGAGGTTATGGTGGTGGTGGTGGTGGTGATGGAGGTTATGGTGGTGGTGGTGATGGTGGTGATGGAGGTTATGGTGGTGGAGGTGGTGGCGGAGGTTATGGTGGTGGTGGTGGTGATGGAGGTTATGGTGGTGGTGGTGGTGGTGATGGAGGTTATGGTGGTGGTGGTGGTGGTGATGGAGGTTATGGTGGTGGTGGTGGTGGTGATGGTGGTTATGGTGGTGGTGGTGGTGGTGATGGAGGTTATGGTGGTGGTGGTGGTGATGGAGGTTATGGTGGAGGTGGTGGTGGTGGTGGAGGTTATGGTGGTGGTGGTGGTGGTGGTGATAGAGGTTATGGTGATGGTGGTGGTGGTGGTGATGGAGGTTATGGTGGTGGTGGTGGTGGTGGTGATGGAGGTTATGGTGGTGGTGGTGGTGGTGATGGAGGTTATGGTGGTGGTGGTGGTGGTGATGGAGGTTATGGTGGTGGTGGTGGTGGTGGTGATGGAGGTTATGGTGGTGGTGGTGGTGGTGATGGAGGTTATGGTGGTGGTGGTGGTGGTGGTGATGGAGGTTATGGTGGTGGTGGTGGTGGTGATGGAGGTTATGGTGGTGGTGGTGGTGGTGGTGATAGAGGTTATGGTGATGGTGGTGGTGATGGAGGTTATGGTGGTGGTGGTGGAGGTTATGGTGGAGGTGGTGATGATGGTGGTGATGGAGGTTATGGTGGTGGTGGTGGTGGTGGAGGTTATGGTGGTGGTGGTGATGGAGGTTATGGTGGTGGTGGTGGTGGTGGTGGAGGTTATGGTGGTGGTGGTGATGGA	1116	INS	not_inherited	SAMPLE_2:SAMPLE_3:SAMPLE_4:SAMPLE_5:SAMPLE_6:SAMPLE_7:SAMPLE_8:SAMPLE_12:SAMPLE_13:SAMPLE_14:SAMPLE_15:SAMPLE_16:SAMPLE_17:SAMPLE_18:SAMPLE_19:SAMPLE_20:SAMPLE_21:SAMPLE_23:SAMPLE_25:SAMPLE_26:SAMPLE_28:SAMPLE_30:SAMPLE_31:SAMPLE_32:SAMPLE_33:SAMPLE_34:SAMPLE_35:SAMPLE_36:SAMPLE_37:SAMPLE_41:SAMPLE_43:SAMPLE_44:SAMPLE_45:SAMPLE_46:SAMPLE_47:SAMPLE_48:SAMPLE_49:SAMPLE_50:SAMPLE_51:SAMPLE_53:SAMPLE_54:SAMPLE_55:SAMPLE_56:SAMPLE_57:SAMPLE	0/1	8	14	22	./.	.	.	0	0.622807	TCF20	syndromic_intellectual_disability|developmental_delay_with_variable_intellectual_impairment_and_behavioral_abnormalities	Definitive|Strong|Supportive	Autosomal_dominant	45	0.789474	71	0.622807	12	19	26	0.377193	0.622807	HWE_FALSE
chr22	43078994	43078995	C	CGGGGACCACGGGAGCCGCACCCCAGAGCGTGAGCCCATCCCACACCCCTCACACCCACAGACACGGGGACCACGGGAGCCGCACCCCAGAGCGTGAGCCCATCCCACACCCCTCACACCCGCAGACAT	128	INS	not_inherited	SAMPLE_2:SAMPLE_3:SAMPLE_5:SAMPLE_7:SAMPLE_8:SAMPLE_11:SAMPLE_12:SAMPLE_15:SAMPLE_17:SAMPLE_18:SAMPLE_22:SAMPLE_23:SAMPLE_24:SAMPLE_25:SAMPLE_26:SAMPLE_27:SAMPLE_28:SAMPLE_29:SAMPLE_30:SAMPLE_31:SAMPLE_32:SAMPLE_34:SAMPLE_37:SAMPLE_38:SAMPLE_39:SAMPLE_41:SAMPLE_42:SAMPLE_44:SAMPLE_45:SAMPLE_48:SAMPLE_49:SAMPLE_50:SAMPLE_51:SAMPLE_52:SAMPLE_54:SAMPLE_56:SAMPLE_57:SAMPLE	0|1	27	25	52	./.	.	.	0	0.482456	TTLL1	.	.	.	38	0.666667	55	0.482456	19	21	17	0.517544	0.482456	HWE_FALSE
chr22	43500326	43500327	N	GGTGGTGGAGGTGGTGGTGGTGATGGTGATGGAGGTGGTGATGGG	59	INS	not_inherited	query_only	0/1	12	17	29	./.	.	.	0	0	MPPED1	.	.	.	0	0	0	0	57	0	0	1	0	HWE_FALSE
chr22	43834600	43834656	TGCTTCCCGCGCCCCCACCGCGTCCCTGTGCTTCCCGCGCCCCCACCGCGGCCCTGA	T	-56	DEL	not_inherited	SAMPLE_2:SAMPLE_3:SAMPLE_5:SAMPLE_6:SAMPLE_7:SAMPLE_8:SAMPLE_10:SAMPLE_12:SAMPLE_16:SAMPLE_17:SAMPLE_23:SAMPLE_25:SAMPLE_26:SAMPLE_27:SAMPLE_28:SAMPLE_29:SAMPLE_30:SAMPLE_31:SAMPLE_32:SAMPLE_33:SAMPLE_34:SAMPLE_35:SAMPLE_36:SAMPLE_37:SAMPLE_38:SAMPLE_39:SAMPLE_46:SAMPLE_47:SAMPLE_50:SAMPLE_52:SAMPLE_53:SAMPLE_55:SAMPLE_57:SAMPLE	0|1	16	18	34	./.	.	.	0	0.350877	SULT4A1	.	.	.	34	0.596491	40	0.350877	23	28	6	0.649123	0.350877	HWE_FALSE
chr22	45228930	45228931	C	CCGCCACCACCACTCACCCGAAAGATCCCTCTCCACCCCCCAACCACCAAACACTCACCCGAGAGATCCCTCTCCACCCCCCAACCA	86	INS	not_inherited	33:SAMPLE_49:SAMPLE	1|0	14	14	28	./.	.	.	0	0.0175439	KIAA0930	.	.	.	2	0.0350877	2	0.0175439	55	2	0	0.982456	0.0175439	HWE_FALSE
chr22	45229338	45229339	G	GAAAGATCCCTCTCCACCCCCCCACCACTAAACACTCACCCGAAAGATCCCTCTCCATGCCCCCCCACCACCAAACACTCACCTGAAAGATCCCTCTCCACCCCCCCACCACCAAACACTCACCTGAAAGATCCCTCTCCACCCCCCCCACCACCACTCACCC	162	INS	not_inherited	4:SAMPLE_5:SAMPLE_6:SAMPLE_13:SAMPLE_14:SAMPLE_17:SAMPLE_18:SAMPLE_19:SAMPLE_20:SAMPLE_22:SAMPLE_23:SAMPLE_24:SAMPLE_26:SAMPLE_29:SAMPLE_33:SAMPLE_36:SAMPLE_37:SAMPLE_42:SAMPLE_44:SAMPLE_45:SAMPLE_49:SAMPLE_54:SAMPLE_56:SAMPLE_57:SAMPLE	1/1	27	2	29	./.	.	.	0	0.27193	KIAA0930	.	.	.	24	0.421053	31	0.27193	33	17	7	0.72807	0.27193	HWE_FALSE
chr22	45328087	45328088	C	CCTTTGGCCGGCGGCAGAACAAGCCCATGGAGTCCCTGGACTTGAAGGACAAGACCAAGGTATGGGCTGGGGGTGCGGGAGGT	82	INS	not_inherited	34:SAMPLE_35:SAMPLE	0/1	25	13	38	./.	.	.	0	0.0175439	FAM118A	.	.	.	2	0.0350877	2	0.0175439	55	2	0	0.982456	0.0175439	HWE_FALSE
chr22	46095472	46095473	G	GGGGCGGCAGGTGAGGGCATTGGGGTGGTCCCAGCCAGCCCAGGGCGGCAGGTGAGGGCATTGGAGTGGTCCCAGCCAGCCCAGGGCGGCAGGTGAGGGCATTGGGGTGGTCCCAGCCCA	119	INS	not_inherited	SAMPLE_3:SAMPLE_6:SAMPLE_7:SAMPLE_10:SAMPLE_11:SAMPLE_12:SAMPLE_13:SAMPLE_14:SAMPLE_15:SAMPLE_16:SAMPLE_17:SAMPLE_18:SAMPLE_21:SAMPLE_24:SAMPLE_25:SAMPLE_26:SAMPLE_29:SAMPLE_30:SAMPLE_31:SAMPLE_34:SAMPLE_36:SAMPLE_37:SAMPLE_40:SAMPLE_42:SAMPLE_43:SAMPLE_46:SAMPLE_47:SAMPLE_48:SAMPLE_49:SAMPLE_50:SAMPLE_51:SAMPLE_53:SAMPLE_54:SAMPLE_56:SAMPLE	0|1	19	14	33	./.	.	.	0	0.526316	.	.	.	.	35	0.614035	60	0.526316	22	10	25	0.473684	0.526316	HWE_FALSE
chr22	46606345	46606506	N	<DEL>	-161	DEL	not_inherited	12:SAMPLE_17:SAMPLE	1/1	35	1	36	./.	.	.	0	0.0350877	GRAMD4	.	.	.	2	0.0350877	4	0.0350877	55	0	2	0.964912	0.0350877	HWE_FALSE
chr22	46772471	46772472	a	aTGTATACACACATATACATATATATGTATACACACATATACATATATATGTATACACACATATACATATATATGTATACACACATATACATATATATGTATACACACATATACATATATATGTATACACACATATACATATATATGTATACACACATATACATATATATGTATACACACATATACATATATATGTATACACACATATACATATATATGTATACACACATATACATATATAT	241	INS	not_inherited	SAMPLE_2:SAMPLE_3:SAMPLE_4:SAMPLE_5:SAMPLE_6:SAMPLE_7:SAMPLE_8:SAMPLE_9:SAMPLE_10:SAMPLE_11:SAMPLE_12:SAMPLE_13:SAMPLE_14:SAMPLE_15:SAMPLE_16:SAMPLE_17:SAMPLE_18:SAMPLE_19:SAMPLE_20:SAMPLE_21:SAMPLE_22:SAMPLE_23:SAMPLE_24:SAMPLE_26:SAMPLE_27:SAMPLE_28:SAMPLE_29:SAMPLE_30:SAMPLE_31:SAMPLE_32:SAMPLE_33:SAMPLE_34:SAMPLE_35:SAMPLE_36:SAMPLE_37:SAMPLE_38:SAMPLE_39:SAMPLE_40:SAMPLE_42:SAMPLE_43:SAMPLE_44:SAMPLE_45:SAMPLE_46:SAMPLE_47:SAMPLE_48:SAMPLE_49:SAMPLE_50:SAMPLE_51:SAMPLE_52:SAMPLE_53:SAMPLE_54:SAMPLE_55:SAMPLE_56:SAMPLE_57:SAMPLE	1|0	20	19	39	./.	.	.	0	0.692982	TBC1D22A	.	.	.	55	0.964912	79	0.692982	2	31	24	0.307018	0.692982	HWE_FALSE
chr22	46859327	46859328	N	ATAGAGGTCCGCGCAGTGCTGTGCCCCTTCCCGGGACCAGAATCCTTTTTTG	52	INS	not_inherited	query_only	0/1	16	23	39	./.	.	.	0	0	TBC1D22A	.	.	.	0	0	0	0	57	0	0	1	0	HWE_FALSE
chr22	46940716	46940859	ACACACACACAGTCCACCCTTGAACAGCATGGAGGCTGGGGCACTAGCACACATATATATGTACATATACAGTCCACCCTTGAACAGCATGGGGACCGGGGCACTAGAatatatatatatatatatgtatgtatgtatatataC	A	-143	DEL	not_inherited	SAMPLE_3:SAMPLE_13:SAMPLE_14:SAMPLE_16:SAMPLE_17:SAMPLE_18:SAMPLE_19:SAMPLE_20:SAMPLE_27:SAMPLE_29:SAMPLE_30:SAMPLE_31:SAMPLE_33:SAMPLE_38:SAMPLE_39:SAMPLE_40:SAMPLE_42:SAMPLE_43:SAMPLE_44:SAMPLE_45:SAMPLE_48:SAMPLE_51:SAMPLE_52:SAMPLE_53:SAMPLE_55:SAMPLE_57:SAMPLE	0|1	21	14	35	./.	.	.	0	0.289474	TBC1D22A	.	.	.	27	0.473684	33	0.289474	30	21	6	0.710526	0.289474	HWE_FALSE
chr22	47260818	47260890	CCTCCTTCAACCGAGAGGTTAGACTGCAGCCAGGTGTTTCATTCAACCAAGAGGTTAGACCATGGCCAAGTAT	C	-72	DEL	not_inherited	SAMPLE_2:SAMPLE_3:SAMPLE_7:SAMPLE_8:SAMPLE_9:SAMPLE_10:SAMPLE_11:SAMPLE_13:SAMPLE_15:SAMPLE_16:SAMPLE_17:SAMPLE_18:SAMPLE_20:SAMPLE_21:SAMPLE_22:SAMPLE_23:SAMPLE_24:SAMPLE_25:SAMPLE_26:SAMPLE_27:SAMPLE_30:SAMPLE_31:SAMPLE_33:SAMPLE_34:SAMPLE_37:SAMPLE_42:SAMPLE_43:SAMPLE_45:SAMPLE_46:SAMPLE_48:SAMPLE_50:SAMPLE_51:SAMPLE_55:SAMPLE_56:SAMPLE_57:SAMPLE	0|1	13	14	27	./.	.	.	0	0.359649	.	.	.	.	36	0.631579	41	0.359649	21	31	5	0.640351	0.359649	HWE_FALSE
chr22	48248984	48248985	c	cCCTCCCTCCCTCCCTTCCTTCCTTCCTTCCTTCCTTCCTTCCTTCCTTCCTTCCTT	56	INS	not_inherited	4:SAMPLE_36:SAMPLE_50:SAMPLE	0|1	9	21	30	./.	.	.	0	0.0263158	.	.	.	.	3	0.0526316	3	0.0263158	54	3	0	0.973684	0.0263158	HWE_FALSE
chr22	48252099	48252692	CCTCTTTGCCTGGGACAGTGCCTGGGCAGAGACCCGTTCCATCAGCAGCCATGTCCCCCTTGCCTGGGACAGTGCCTGGGCATCAGCAGCCATGTCCTCCTTGCCTGGGACAGTGCCTGGGCATCAGCAGCCATGTCCTCTTTGCCTGAGACAGCACCTGAGCAGAGACCCGCTCCATCAGCAGCCATGTCCTCCTTGCCTGGGACAGTGCCTGGGCAGAGACCTGCTCCATCAGCAGCCATGTCCTCCTTGCCTGGGACAGTGCCTGGGCAGAGACCCGCTCCATCAGCAGCTGCGTCCTCCTTGCCTGGGACAGTGCCTGAGCAGAGACCCGCTCCATCAGCAGCCATGTCCTCTTTGCCTGGGACAGTGCCTGGGCAGAGACCCGTTCCATCAGCAGCCATGTCCCCCTTGCCTGGGACAGTGCCTGGGCATCAGCAGCCATGTCCTCCTTGCCTGGGACAGTGCCTGGGCATCAGCAGCCATGTCCTCTTTGCCTGAGACAGCACCTGAGCAGAGACCTGCTCCATCAGCAGCCATGTCCTCCTTGCCTGGGACAGTGCCTGGGCAGAGACCTGCTCCATCAGCAGCCAT	C	-593	DEL	not_inherited	9:SAMPLE_10:SAMPLE_11:SAMPLE_12:SAMPLE_14:SAMPLE_16:SAMPLE_17:SAMPLE_19:SAMPLE_20:SAMPLE_24:SAMPLE_26:SAMPLE_28:SAMPLE_29:SAMPLE_36:SAMPLE_47:SAMPLE	0|1	14	22	36	./.	.	.	0	0.149123	.	.	.	.	15	0.263158	17	0.149123	42	13	2	0.850877	0.149123	HWE_FALSE
chr22	49265436	49265634	AGGGAGGCCCAGAGCTTCCCGGTGGAGGAGAGCGGGGAGGCCCAGAGCTTCCCGGTGGAGGAGAGCGGGGAGGCCCAGAGCTTCCCGGTGGAGGAGAGCGGGGAGGCCCAGAGCTTCCCGGTGGAGGAGAGCGGGGAGGCCCAGAGCTTCCCGGTGGAGGAGAGCGGGGAGGCCCAGAGCTTCCCGGTGGAGGAGAGCG	A	-198	DEL	not_inherited	16:SAMPLE_18:SAMPLE_28:SAMPLE_29:SAMPLE_34:SAMPLE_35:SAMPLE_36:SAMPLE_40:SAMPLE_42:SAMPLE_44:SAMPLE_49:SAMPLE_50:SAMPLE_52:SAMPLE_54:SAMPLE_55:SAMPLE_56:SAMPLE	1|0	17	18	35	./.	.	.	0	0.140351	.	.	.	.	16	0.280702	16	0.140351	41	16	0	0.859649	0.140351	HWE_FALSE
chr22	49266424	49266425	G	GCGGGGAGGCCCAGAGCTTCCCGGTGGAGGAGAGGGGGGAGGCCCAGAGCTTCCCGGTGGAGGAGAAGGGGGATGCCCAGAGCTTCCTGCTGGAGGAGA	98	INS	not_inherited	SAMPLE_9:SAMPLE_11:SAMPLE_12:SAMPLE_13:SAMPLE_14:SAMPLE_16:SAMPLE_20:SAMPLE_25:SAMPLE_26:SAMPLE_31:SAMPLE_32:SAMPLE_34:SAMPLE_38:SAMPLE_39:SAMPLE_40:SAMPLE_41:SAMPLE_48:SAMPLE_52:SAMPLE_56:SAMPLE	0|1	13	20	33	./.	.	.	0	0.175439	.	.	.	.	20	0.350877	20	0.175439	37	20	0	0.824561	0.175439	HWE_FALSE
chr22	50028618	50028619	G	GAAGACCCCCACACACACTCGTAGAGACCCCCATCACACCGTCCTGAAGACCCCACACACCCTCGTAAAGACCCCATCACACCGTCCTGAAGACCCCCACATACCCTCGTAAAGACCCCATCACACCATCCTGAAGACCCCACACACCCTCGTAAAGACCCCATCACACCATCCTGAAGACCCCACACACACTCGTAAAGACCCCCATCACACCGTCCTGAAGACCCCCACACACCCTCGTAAAGACCCCCATCACACCATCCTGAAGACCCACACATACCCTCGTAAAGACCCCCATCACACCGTCCTGAAGACCCACACATACCCTCGTAAAGACCCCATCACACCGTCCTGAAGACCCACACATACCCTCGTAAAGACCCCATCACACCATCCTAAAGACCCACACATACCCTCGTAAAGACCCCCATCACACCATCCTAAAGACCCCCACACACACTCGTAGAGACCCCCATCACACCGTCCTGAAGACCCCACACACACTCGTAAAGACCCCCGTCATACCATCCTGAAGACCCCACACACCCTCGTAAAGACCCCCATCATACCATCCTAAAGACCCCCACACACACTCGTAAAGACCCCATCACACCGTCCTAAAGACCCCCACACACCCTCGTGAAGACCCCATCACACCGTCCTGAAGACCCCACACACCCTCGTAAAGACCCCATCACACCGTCCTGAAGACCCCACACACCCTCGTAAAGACCCCATCACACCGTCCTAAAGACCCACACACACACTCGTAAAGACCCCATCACACCATCCTGAAGACCCCACACACCCTCGTAAAGACCCCATCACACCATCCTA	836	INS	not_inherited	3:SAMPLE_4:SAMPLE_5:SAMPLE_6:SAMPLE_9:SAMPLE_10:SAMPLE_11:SAMPLE_12:SAMPLE_13:SAMPLE_15:SAMPLE_18:SAMPLE_21:SAMPLE_22:SAMPLE_24:SAMPLE_25:SAMPLE_26:SAMPLE_27:SAMPLE_28:SAMPLE_29:SAMPLE_30:SAMPLE_31:SAMPLE_33:SAMPLE_34:SAMPLE_35:SAMPLE_36:SAMPLE_38:SAMPLE_39:SAMPLE_42:SAMPLE_44:SAMPLE_46:SAMPLE_47:SAMPLE_50:SAMPLE_53:SAMPLE_55:SAMPLE_56:SAMPLE_57:SAMPLE	0/1	19	19	38	./.	.	.	0	0.368421	TTLL8	.	.	.	36	0.631579	42	0.368421	21	30	6	0.631579	0.368421	HWE_FALSE
chr22	50344282	50344283	C	CCCCCTTCAGTCAGTTCCCCCAGTCAGTGCCCCCTCCAGTCAGTTCCCCCCCAGTCAGTGCCCCCCCAGTCAGTTTCCCCCCAGTCAGTGCCCCCCAGTCAGTGCCCCCTCCAGTCAGTTCCCCCCAGTCAGTGCCCCCCCAGTCAGTTTCCCCCCAGTCAGTGCCCCCCAGTCAGTGCCCCCTCCAGTCAATTCCCCCCAGTCAGTGCCCCCTCCAGTCAGTT	223	INS	not_inherited	2:SAMPLE_13:SAMPLE_14:SAMPLE_15:SAMPLE_22:SAMPLE_23:SAMPLE_51:SAMPLE	1|0	18	24	42	./.	.	.	0	0.0701754	PPP6R2	.	.	.	7	0.122807	8	0.0701754	50	6	1	0.929825	0.0701754	HWE_FALSE
chr22	50397547	50397548	a	aGGGGGCCTGTCCTCACCAGCCCTGTCATCCCTCTGAGCTTTTCTCTGAGGAGTGTGACTTGGGATGGGGGCGGGGGGCCTGTCCTCACCAGCCTTGTCATCTCTGAGCTTTTCTCTGAGGAGTGTGACTTGGGATGGGGGCAGGGGGGCCTGTCCTCACCAGCCCTGTCATCTCTGAGTTTTTCTCTGAGGAGTGTGACTTGGGATGGGGGCGGGGGGGCCTGTCCTCACCAGCCTTGTCATCTCTGAGCTTTTCTCTGAGGAGTGTGACTTGGGATGGGGGCAGGGGGGCCTGTCCTCACCAGCCCTGTCATCTCTGAGTTTTTCTCTGAGGAGTGTGACTTGGGATGGGGGCGGGGGGGCCTGTCCTCACCAGCCTTGTCATCTCTGAGTTTTTCTCTGAGGAGTGTGACTTGGGATGGGGGCAGGGGGGCCTGTCCTCACCAGCCCTGTCATCCCTCTGAGCTTTTCTCTGAGGAGTGTGACTTGGGATGGGGGCGGGGGGCCTGTCCTCACCAGCCTTGTCATCTCTGAGCTTTTCTCTGAGGAGTGTGACTTGGGATGGGGGCAGGGGGGCCTGTCCTCACCAGCCCTGTCATCTCTGAGTTTTTCTCTGAGGAGTGTGACTTGGGATGGGGGCAGGGGGGCCTGTCCTCACCAGCCCTGTCATCTCTGAGTTTTTCTCTGAGGAGTGTGACTTGGGATGGGGGCGGGGGGGCCTGTCCTCACCAGCCTTGTCATCTCTGAGTTTTTCTCTGAGGAGTGTGACTTGGGATGGGGGCAGGGGGCCTGTCCTCACCAGCCTTGTCATCTCTGAGTTTTTCTCTGAGGAGTGTGACTTGGGATGGGGGCGGGGGGCCTGTCCTCACCAGCCCTGTCATCCCTCTGAGCTTTTCTCTGAGGAGTGTGACTTGGGATGGGGGCAGGGGGGCCTGTCCTCACCAGCCTTGTCATCTCTGAGTTTTTCTCTGAGGAGTGTGACTTGGGATGGGGGCGGGGGGCCTGTCCTCACCAGCCCTGTCATCCCTCTGAGCTTTTCTCTGAGGAGTGTGACTTGGGATGGGGGCAGGGGGCCTGTCCTCACCAGCCTTGTCATCTCTGAGTTTTTCTCTGAGGAGTGTGACTTGGGATGGGGGCGGGGGGCCTGTCCTCACCAGCCCTGTCATCCCTCTGAGCTTTTCTCTGAGGAGTGTGACTTGGGATGGGGGCAGGGGGCCTGTCCTCACCAGCCTTGTCATCTCTGAGCTTTTCTCTGAGGAGTGTGACTTGGGATGGGGGCAG	1280	INS	not_inherited	4:SAMPLE_5:SAMPLE_7:SAMPLE_9:SAMPLE_10:SAMPLE_11:SAMPLE_15:SAMPLE_16:SAMPLE_17:SAMPLE_18:SAMPLE_25:SAMPLE_27:SAMPLE_28:SAMPLE_29:SAMPLE_30:SAMPLE_43:SAMPLE_44:SAMPLE_46:SAMPLE_47:SAMPLE_48:SAMPLE_52:SAMPLE_53:SAMPLE	1|0	8	25	33	./.	.	.	0	0.210526	PPP6R2	.	.	.	22	0.385965	24	0.210526	35	20	2	0.789474	0.210526	HWE_FALSE
chr22	50433239	50433487	CGCTGGGCAGGGGCCGGGCATTTGCTCTGGAGGTGAACCTGGAGGAGGGCCGGGGGCATGGATGCTGGGCAGGGGCCGGGCACTTGCCCTGGAGGTGAACCTGGAGGAGGGCTGGGGGCGCGGACGCTGGGCAGGGGCCGGGCATTTGCTCTGGAGGTGAACCTGGAGGAGGGCTGGGGGCATGGATGCTGGGCAGGGGCCGGGCACTTGCCCTGGAGGTGAACCTGGAGGAGGGCTGGGGGTGCGGAC	C	-248	DEL	not_inherited	3:SAMPLE_4:SAMPLE_5:SAMPLE_6:SAMPLE_7:SAMPLE_9:SAMPLE_10:SAMPLE_11:SAMPLE_12:SAMPLE_13:SAMPLE_14:SAMPLE_15:SAMPLE_16:SAMPLE_17:SAMPLE_18:SAMPLE_19:SAMPLE_20:SAMPLE_28:SAMPLE_29:SAMPLE_30:SAMPLE_31:SAMPLE_32:SAMPLE_33:SAMPLE_36:SAMPLE_40:SAMPLE_41:SAMPLE_43:SAMPLE_47:SAMPLE_48:SAMPLE_50:SAMPLE_51:SAMPLE_52:SAMPLE_53:SAMPLE	1|0	17	20	37	./.	.	.	0	0.359649	PPP6R2	.	.	.	33	0.578947	41	0.359649	24	25	8	0.640351	0.359649	HWE_FALSE
chr22	50434164	50434226	GCAGACGCTGGGCAGGGGCTGGGCATTTGCTCTGGAGGTGAACCTGGAGGAGGGCTGGGGGCA	G	-62	DEL	not_inherited	3:SAMPLE_5:SAMPLE_10:SAMPLE_14:SAMPLE_17:SAMPLE_18:SAMPLE_28:SAMPLE_30:SAMPLE_32:SAMPLE_33:SAMPLE_36:SAMPLE_40:SAMPLE_43:SAMPLE_47:SAMPLE_48:SAMPLE_52:SAMPLE	1|0	15	20	35	./.	.	.	0	0.175439	PPP6R2	.	.	.	16	0.280702	20	0.175439	41	12	4	0.824561	0.175439	HWE_FALSE
chr22	50488673	50488674	T	TGTCCCTCCTGTCACTCTGCAGTGGGCGGTCGTTGGAGACACCTTCCCCCACTTCCCCCACGGCCCCCCATGGCTGCCTGTCCCTCCTGTCCCTCCTGTCCCTCCCGTCCCTCCCATCCCTCCCATCCCTCCCGTCCCTCCTGTCCCTCCCATCCCTCCCATCCCTCCTGTCCCTCTGCAGTGGGCAGTCATCGGCAACATCTTCCCCCACTCCCCCCATGGCCGCCC	227	INS	not_inherited	26:SAMPLE_40:SAMPLE_42:SAMPLE	1/1	32	0	32	./.	.	.	0	0.0263158	MIOX;ADM2;SBF1	Charcot_Marie_Tooth_disease_type_4B3;.	Moderate|Strong|Supportive|Limited;.	Autosomal_recessive;.	3	0.0526316	3	0.0263158	54	3	0	0.973684	0.0263158	HWE_FALSE
chr22	50488815	50488883	atccctcctgtccctcTGCAGTGGGCAGTCATCGGCAACATCTTCCCCCACTCCCCCCATGGCCGCCCG	a	-68	DEL	not_inherited	2:SAMPLE_4:SAMPLE_5:SAMPLE_7:SAMPLE_8:SAMPLE_9:SAMPLE_15:SAMPLE_16:SAMPLE_17:SAMPLE_18:SAMPLE_28:SAMPLE_29:SAMPLE_30:SAMPLE_31:SAMPLE_33:SAMPLE_43:SAMPLE_44:SAMPLE_46:SAMPLE_49:SAMPLE_52:SAMPLE_53:SAMPLE_54:SAMPLE	1|0	21	12	33	./.	.	.	0	0.219298	MIOX;ADM2;SBF1	Charcot_Marie_Tooth_disease_type_4B3;.	Moderate|Strong|Supportive|Limited;.	Autosomal_recessive;.	22	0.385965	25	0.219298	35	19	3	0.780702	0.219298	HWE_FALSE
chr22	50547870	50547942	ccatccccagccctaaccccagtcccaaccccagccctaagcccagctccaactccagccctaaccccagccg	c	-72	DEL	not_inherited	SAMPLE_2:SAMPLE_3:SAMPLE_4:SAMPLE_5:SAMPLE_6:SAMPLE_7:SAMPLE_8:SAMPLE_9:SAMPLE_11:SAMPLE_13:SAMPLE_15:SAMPLE_17:SAMPLE_19:SAMPLE_20:SAMPLE_21:SAMPLE_22:SAMPLE_24:SAMPLE_25:SAMPLE_26:SAMPLE_28:SAMPLE_29:SAMPLE_30:SAMPLE_31:SAMPLE_34:SAMPLE_35:SAMPLE_36:SAMPLE_37:SAMPLE_38:SAMPLE_39:SAMPLE_40:SAMPLE_41:SAMPLE_42:SAMPLE_43:SAMPLE_44:SAMPLE_45:SAMPLE_47:SAMPLE_49:SAMPLE_50:SAMPLE_51:SAMPLE_52:SAMPLE_53:SAMPLE_54:SAMPLE_55:SAMPLE_56:SAMPLE	1/1	37	0	37	./.	.	.	0	0.631579	KLHDC7B;SYCE3	.	.	.	45	0.789474	72	0.631579	12	18	27	0.368421	0.631579	HWE_FALSE
chr22	50680210	50680472	TTGCACACAGGTGACCCTGTACAGTGATCGTACACGTGTACCAGGGAGTGTGGATATACTTGCCTGTTCTGGGGTTGTACGTGTGTGTGTGCACACAGATGACTCTGTACAGTGATTGCATGCGTGCACCAGGTAGTGTGGATATACTTGTCTGTTCTGGGGGTGTACACGTGTGTTTGCACACAGATGACCTTGTACAGTGATTGCATGCGTGCACCAGGGAGTGTGGATATACTTGCCTGTTCTGGGGGTGTACATGTGTG	T	-262	DEL	not_inherited	SAMPLE_2:SAMPLE_3:SAMPLE_4:SAMPLE_5:SAMPLE_6:SAMPLE_7:SAMPLE_8:SAMPLE_11:SAMPLE_13:SAMPLE_14:SAMPLE_16:SAMPLE_17:SAMPLE_18:SAMPLE_19:SAMPLE_20:SAMPLE_21:SAMPLE_22:SAMPLE_23:SAMPLE_26:SAMPLE_28:SAMPLE_29:SAMPLE_30:SAMPLE_31:SAMPLE_32:SAMPLE_33:SAMPLE_34:SAMPLE_35:SAMPLE_36:SAMPLE_37:SAMPLE_39:SAMPLE_40:SAMPLE_41:SAMPLE_42:SAMPLE_46:SAMPLE_47:SAMPLE_48:SAMPLE_49:SAMPLE_50:SAMPLE_52:SAMPLE_55:SAMPLE_56:SAMPLE_57:SAMPLE	0/1	15	14	29	./.	.	.	0	0.482456	SHANK3	schizophrenia_15|Phelan_McDermid_syndrome	Strong|Definitive|Limited	Autosomal_dominant	43	0.754386	55	0.482456	14	31	12	0.517544	0.482456	HWE_FALSE
